clade	structural_set	anchor_size	segment_id	start	end	n_loci	mean_q1	mean_q2	mean_q3	dominant_observed_topology
Columbea	primary	100000	primary_SEG_001	1	1949860	120	0.358125034412	0.371472484325	0.270402481263	q2
N61	primary	100000	primary_SEG_001	1	1949860	120	0.348554451965	0.301396551835	0.350048996201	q3
N62	primary	100000	primary_SEG_001	1	1949860	110	0.342718570335	0.339453337581	0.317828092084	q1
Columbea	primary	100000	primary_SEG_002	1949861	9504880	534	0.321358053078	0.354056702905	0.324585244017	q2
N61	primary	100000	primary_SEG_002	1949861	9504880	535	0.340727578893	0.323216705942	0.336055715165	q1
N62	primary	100000	primary_SEG_002	1949861	9504880	512	0.317706277954	0.357179121406	0.32511460064	q2
Columbea	primary	100000	primary_SEG_003	9504881	10974030	123	0.297241755479	0.368203215953	0.334555028568	q2
N61	primary	100000	primary_SEG_003	9504881	10974030	123	0.30125948929	0.346589905379	0.352150605331	q3
N62	primary	100000	primary_SEG_003	9504881	10974030	118	0.332167336378	0.337856257778	0.329976405844	q2
Columbea	primary	100000	primary_SEG_004	10974031	19760078	593	0.335910586647	0.342900548282	0.321188865071	q2
N61	primary	100000	primary_SEG_004	10974031	19760078	596	0.352276932859	0.316955335623	0.330767731519	q1
N62	primary	100000	primary_SEG_004	10974031	19760078	574	0.322685851707	0.333355903067	0.343958245226	q3
Columbea	primary	100000	primary_SEG_005	19760079	25213019	317	0.409697337187	0.315806794337	0.274495868476	q1
N61	primary	100000	primary_SEG_005	19760079	25213019	318	0.330374539492	0.375279074831	0.294346385677	q2
N62	primary	100000	primary_SEG_005	19760079	25213019	307	0.382378781801	0.321243185941	0.296378032258	q1
Columbea	primary	100000	primary_SEG_006	25213020	25559087	32	0.954907718121	0.013947147651	0.0311451342282	q1
N61	primary	100000	primary_SEG_006	25213020	25559087	32	0.04273915618	0.942443530965	0.0148173128551	q2
N62	primary	100000	primary_SEG_006	25213020	25559087	31	0.973035359978	0.00737407206001	0.0195905679615	q1
Columbea	primary	100000	primary_SEG_007	25559088	33234049	507	0.881765130615	0.0614157224178	0.0568191469667	q1
N61	primary	100000	primary_SEG_007	25559088	33234049	510	0.0839257173605	0.862855762408	0.0532185202319	q2
N62	primary	100000	primary_SEG_007	25559088	33234049	495	0.907927594466	0.0394117271095	0.0526606784249	q1
Columbea	primary	100000	primary_SEG_008	33234050	34021640	40	0.704848921528	0.164079648497	0.131071429975	q1
N61	primary	100000	primary_SEG_008	33234050	34021640	42	0.127544501885	0.684998642163	0.187456855952	q2
N62	primary	100000	primary_SEG_008	33234050	34021640	42	0.673797475868	0.14098194571	0.185220578422	q1
Columbea	primary	100000	primary_SEG_009	34021641	34232794	9	0.931553552794	0.0629859429457	0.00546050426071	q1
N61	primary	100000	primary_SEG_009	34021641	34232794	9	0.164153015195	0.812179745241	0.0236672395639	q2
N62	primary	100000	primary_SEG_009	34021641	34232794	8	0.891236257403	0.0646773692812	0.0440863733164	q1
Columbea	primary	100000	primary_SEG_010	34232795	35025837	43	0.491586949126	0.242246581003	0.266166469871	q1
N61	primary	100000	primary_SEG_010	34232795	35025837	43	0.232610821228	0.530349457254	0.237039721518	q2
N62	primary	100000	primary_SEG_010	34232795	35025837	37	0.535114098608	0.236037467741	0.228848433652	q1
Columbea	primary	100000	primary_SEG_011	35025838	37255236	139	0.335357812765	0.354652970276	0.309989216959	q2
N61	primary	100000	primary_SEG_011	35025838	37255236	140	0.329753819574	0.366345221846	0.303900958579	q2
N62	primary	100000	primary_SEG_011	35025838	37255236	124	0.36841644388	0.318831769743	0.312751786377	q1
Columbea	primary	100000	primary_SEG_012	37255237	39237022	119	0.341703678844	0.341617614523	0.316678706633	q1
N61	primary	100000	primary_SEG_012	37255237	39237022	123	0.340240188321	0.304584916477	0.355174895202	q3
N62	primary	100000	primary_SEG_012	37255237	39237022	119	0.338479431443	0.32392300586	0.337597562697	q1
Columbea	primary	100000	primary_SEG_013	39237023	42267292	255	0.344268337974	0.336682109809	0.319049552217	q1
N61	primary	100000	primary_SEG_013	39237023	42267292	257	0.37164410837	0.321167632261	0.307188259369	q1
N62	primary	100000	primary_SEG_013	39237023	42267292	250	0.391203607676	0.296619685766	0.312176706558	q1
Columbea	primary	100000	primary_SEG_014	42267293	44647530	176	0.485879540138	0.288972133263	0.225148326598	q1
N61	primary	100000	primary_SEG_014	42267293	44647530	176	0.268089352842	0.471346346613	0.260564300545	q2
N62	primary	100000	primary_SEG_014	42267293	44647530	170	0.517915309465	0.239302756037	0.242781934498	q1
Columbea	primary	100000	primary_SEG_015	44647531	45658664	48	0.967476692356	0.0112433862434	0.0212799214005	q1
N61	primary	100000	primary_SEG_015	44647531	45658664	48	0.029252507819	0.958282682171	0.0124648100098	q2
N62	primary	100000	primary_SEG_015	44647531	45658664	43	0.949449142477	0.0265399696292	0.024010887894	q1
Columbea	primary	100000	primary_SEG_016	45658665	46422770	41	0.951350836309	0.0260143625065	0.0226348011843	q1
N61	primary	100000	primary_SEG_016	45658665	46422770	41	0.0758890330821	0.914469593848	0.00964137307024	q2
N62	primary	100000	primary_SEG_016	45658665	46422770	40	0.958167563474	0.0210090197446	0.0208234167815	q1
Columbea	primary	100000	primary_SEG_017	46422771	47143089	53	0.940899125098	0.0354724385925	0.0236284363094	q1
N61	primary	100000	primary_SEG_017	46422771	47143089	51	0.0423790692555	0.941157119937	0.0164638108071	q2
N62	primary	100000	primary_SEG_017	46422771	47143089	38	0.973475842691	0.0201201463451	0.00640401096415	q1
Columbea	primary	100000	primary_SEG_018	47143090	49159743	132	0.872019099271	0.0722910100808	0.0556898906482	q1
N61	primary	100000	primary_SEG_018	47143090	49159743	133	0.046847621235	0.906138021712	0.0470143570527	q2
N62	primary	100000	primary_SEG_018	47143090	49159743	116	0.893665873324	0.0665931803368	0.0397409463392	q1
Columbea	primary	100000	primary_SEG_019	49159744	49624080	13	1	0	0	q1
N61	primary	100000	primary_SEG_019	49159744	49624080	13	0.00992281527992	0.948449764521	0.0416274201988	q2
N62	primary	100000	primary_SEG_019	49159744	49624080	13	0.99754702935	0.00175366995042	0.000699300699301	q1
Columbea	primary	100000	primary_SEG_020	49624081	50410378	40	0.934178368224	0.0526018092808	0.0132198224949	q1
N61	primary	100000	primary_SEG_020	49624081	50410378	40	0.12647267153	0.860706817655	0.0128205108151	q2
N62	primary	100000	primary_SEG_020	49624081	50410378	35	0.882092774715	0.0251491248739	0.0927581004114	q1
Columbea	primary	100000	primary_SEG_021	50410379	50989362	35	0.985714285714	0.0142857142857	0	q1
N61	primary	100000	primary_SEG_021	50410379	50989362	35	0	1	0	q2
N62	primary	100000	primary_SEG_021	50410379	50989362	31	0.992255492213	0.00259198858408	0.00515251920296	q1
Columbea	primary	100000	primary_SEG_022	50989363	51789124	68	0.960604352468	0.00282825434712	0.0365673931851	q1
N61	primary	100000	primary_SEG_022	50989363	51789124	68	0.0226627036275	0.940722318059	0.0366149783133	q2
N62	primary	100000	primary_SEG_022	50989363	51789124	66	0.969640628377	0.0101725142031	0.0201868574195	q1
Columbea	primary	100000	primary_SEG_023	51789125	57203613	367	0.894751707602	0.0541838873879	0.0510644050102	q1
N61	primary	100000	primary_SEG_023	51789125	57203613	369	0.0620310579018	0.896294460639	0.0416744814587	q2
N62	primary	100000	primary_SEG_023	51789125	57203613	360	0.917924971392	0.0510533804477	0.0310216481604	q1
Columbea	primary	100000	primary_SEG_024	57203614	58171516	66	0.388376040624	0.33435569102	0.277268268356	q1
N61	primary	100000	primary_SEG_024	57203614	58171516	68	0.363876333197	0.344541215932	0.29158245087	q1
N62	primary	100000	primary_SEG_024	57203614	58171516	67	0.349183119003	0.340442882248	0.310373998748	q1
Columbea	primary	100000	primary_SEG_025	58171517	59982754	137	0.383554491666	0.31849883486	0.297946673474	q1
N61	primary	100000	primary_SEG_025	58171517	59982754	138	0.340898380581	0.318276431497	0.340825187922	q1
N62	primary	100000	primary_SEG_025	58171517	59982754	128	0.369326664079	0.335013602468	0.295659733454	q1
Columbea	primary	100000	primary_SEG_026	59982755	61035423	54	0.436009135984	0.253675795673	0.310315068343	q1
N61	primary	100000	primary_SEG_026	59982755	61035423	54	0.426550400702	0.273353902606	0.300095696692	q1
N62	primary	100000	primary_SEG_026	59982755	61035423	52	0.358300290237	0.340363294359	0.301336415404	q1
Columbea	primary	100000	primary_SEG_027	61035424	91310470	2035	0.347866307371	0.339923373956	0.312210318673	q1
N61	primary	100000	primary_SEG_027	61035424	91310470	2050	0.357457355887	0.32202640509	0.320516239023	q1
N62	primary	100000	primary_SEG_027	61035424	91310470	1995	0.330288484998	0.344876265374	0.324835249629	q2
