structural_set	anchor_size	clade	analysis_type	n_segments	mean_structural_margin	median_structural_margin	fraction_positive_margin	topology_prediction_accuracy	mean_predicted_q	mean_alternative_q	mean_segment_margin	median_margin	permutation_pvalue	circular_shift_pvalue
inclusive	100000	N62	strict_discrete	1	1.125	1.125	1	1	0.382283287022	0.308858356489	0.0734249305327	0.0734249305327	1	
inclusive	200000	N62	strict_discrete	1	1.125	1.125	1	1	0.382283287022	0.308858356489	0.0734249305327	0.0734249305327	1	
inclusive	50000	N61	strict_discrete	1	1.45225919913	1.45225919913	1	0	0.340340770116	0.329829614942	0.0105111551742	0.0105111551742	1	
inclusive	50000	N62	strict_discrete	1	1.3125	1.3125	1	1	0.382283287022	0.308858356489	0.0734249305327	0.0734249305327	1	
inclusive	100000	combined	strict_discrete	1	1.125	1.125	1	1	0.382283287022	0.308858356489	0.0734249305327	0.0734249305327	1	
inclusive	200000	combined	strict_discrete	1	1.125	1.125	1	1	0.382283287022	0.308858356489	0.0734249305327	0.0734249305327	1	
inclusive	50000	combined	strict_discrete	2	1.38237959957	1.38237959957	1	0.5	0.361312028569	0.319343985716	0.0419680428534	0.0419680428534	0.500449955004	
inclusive	100000	N61	generalized	10	0.289133148172	0.137053571429	0.4	0.4	0.326700979677	0.336649510161	-0.00994853048449	-0.0113433711849	0.559144085591	0.8
inclusive	100000	N62	generalized	10	0.304979854105	0.0613839285713	0.4	0.4	0.201128509971	0.399435745014	-0.198307235044	-0.160131010799	0.828617138286	0.666666666667
inclusive	200000	N61	generalized	3	0.182142857143	0.1875	0.333333333333	0.333333333333	0.395393959803	0.302303020099	0.0930909397041	-0.253770477208	0.334766523348	0.8
inclusive	200000	N62	generalized	3	0.625	0.375	0.333333333333	0.333333333333	0.14310983739	0.428445081305	-0.285335243915	-0.433870440025	1	0.666666666667
inclusive	50000	N61	generalized	26	0.410380791205	0.15625	0.5	0.423076923077	0.348060738929	0.325969630536	0.022091108393	-5.52074955665e-05	0.02599740026	0.8
inclusive	50000	N62	generalized	26	0.524343934756	0.409375	0.346153846154	0.307692307692	0.288805170948	0.355597414526	-0.0667922435782	-0.0447547366141	0.846315368463	0.666666666667
primary	100000	N61	generalized	10	0.373656714884	0.190575396826	0.4	0.4	0.270703528729	0.364648235635	-0.0939447069063	-0.0113433711849	0.775422457754	0.8
primary	100000	N62	generalized	9	0.266789276234	0.104951298701	0.333333333333	0.333333333333	0.220448669576	0.389775665212	-0.169326995636	-0.0317349401631	0.632236776322	0.666666666667
primary	200000	N61	generalized	2	0.116964285714	0.116964285714	0	0	0.124039366278	0.437980316861	-0.313940950584	-0.313940950584	1	0.8
primary	200000	N62	generalized	1	0.375	0.375	0	0	0.0440863733164	0.477956813342	-0.433870440025	-0.433870440025	1	0.666666666667
primary	50000	N61	generalized	18	0.311229753935	0.0569180819181	0.444444444444	0.444444444444	0.326014459509	0.336992770245	-0.010978310736	-0.0405328871195	0.236176382362	0.8
primary	50000	N62	generalized	17	0.346934353028	0.2125	0.294117647059	0.294117647059	0.238233116928	0.380883441536	-0.142650324607	-0.0550704713509	0.833516648335	0.666666666667
stringent	100000	N61	generalized	8	0.414602599828	0.21796875	0.25	0.25	0.251861322383	0.374069338809	-0.122208016426	-0.0433546556223	0.973902609739	0.8
stringent	100000	N62	generalized	8	0.132209222919	0.0964532749858	0.375	0.375	0.29993566738	0.35003216631	-0.0500964989299	-0.00622234066971	0.733626637336	0.666666666667
stringent	200000	N61	generalized	2	0.231408955628	0.231408955628	0	0	0.203933907838	0.398033046081	-0.194099138244	-0.194099138244	1	0.8
stringent	200000	N62	generalized	2	0.216666666666	0.216666666666	0	0	0.190305689176	0.404847155412	-0.214541466235	-0.214541466235	1	0.666666666667
stringent	50000	N61	generalized	12	0.305963151848	0.100422488739	0.5	0.5	0.310110584967	0.344944707517	-0.0348341225501	-0.0236945265731	0.228377162284	0.8
stringent	50000	N62	generalized	12	0.300411697672	0.249729420243	0.333333333333	0.333333333333	0.307424280461	0.34628785977	-0.0388635793087	-0.0132217951244	0.644835516448	0.666666666667
inclusive	100000	combined	generalized	20	0.297056501139	0.0939732142855	0.4	0.4	0.263914744824	0.368042627588	-0.104127882764	-0.0249917458856	0.807819218078	
inclusive	200000	combined	generalized	6	0.403571428571	0.34375	0.333333333333	0.333333333333	0.269251898596	0.365374050702	-0.0961221521054	-0.313940950584	0.754324567543	
inclusive	50000	combined	generalized	52	0.46736236298	0.28125	0.423076923077	0.365384615385	0.318432954938	0.340783522531	-0.0223505675926	-0.0146015853286	0.3099690031	
primary	100000	combined	generalized	19	0.323035296576	0.1875	0.368421052632	0.368421052632	0.246898595446	0.376550702277	-0.129652106831	-0.0182485516082	0.820417958204	
primary	200000	combined	generalized	3	0.202976190476	0.1875	0	0	0.0973883686238	0.451305815688	-0.353917447064	-0.374111423959	1	
primary	50000	combined	generalized	35	0.32857198778	0.101413690476	0.371428571429	0.371428571429	0.283377807399	0.358311096301	-0.0749332889021	-0.0550704713509	0.555344465553	
stringent	100000	combined	generalized	16	0.273405911373	0.0964532749858	0.3125	0.3125	0.275898494881	0.362050752559	-0.086152257678	-0.015696591205	0.775322467753	
stringent	200000	combined	generalized	4	0.224037811147	0.216666666666	0	0	0.197119798507	0.401440100746	-0.204320302239	-0.194099138244	1	
stringent	50000	combined	generalized	24	0.30318742476	0.145734988739	0.416666666667	0.416666666667	0.308767432714	0.345616283643	-0.0368488509294	-0.0132217951244	0.47695230477	
inclusive	100000	N61	generalized_stable_anchors	3	0.301659798535	0.342479395604	0.333333333333	0.333333333333	0.395393959803	0.302303020099	0.0930909397041	-0.253770477208	0.331866813319	
inclusive	100000	N62	generalized_stable_anchors	3	0.625	0.375	0.333333333333	0.333333333333	0.14310983739	0.428445081305	-0.285335243915	-0.433870440025	1	
inclusive	200000	N61	generalized_stable_anchors	3	0.182142857143	0.1875	0.333333333333	0.333333333333	0.395393959803	0.302303020099	0.0930909397041	-0.253770477208	0.331466853315	
inclusive	200000	N62	generalized_stable_anchors	3	0.625	0.375	0.333333333333	0.333333333333	0.14310983739	0.428445081305	-0.285335243915	-0.433870440025	1	
inclusive	50000	N61	generalized_stable_anchors	3	0.268833215259	0.25	0.333333333333	0.333333333333	0.395393959803	0.302303020099	0.0930909397041	-0.253770477208	0.342465753425	
inclusive	50000	N62	generalized_stable_anchors	3	0.666666666667	0.375	0.333333333333	0.333333333333	0.14310983739	0.428445081305	-0.285335243915	-0.433870440025	1	
primary	100000	N61	generalized_stable_anchors	2	0.264989697802	0.264989697802	0	0	0.124039366278	0.437980316861	-0.313940950584	-0.313940950584	1	
primary	100000	N62	generalized_stable_anchors	1	0.375	0.375	0	0	0.0440863733164	0.477956813342	-0.433870440025	-0.433870440025	1	
primary	200000	N61	generalized_stable_anchors	2	0.116964285714	0.116964285714	0	0	0.124039366278	0.437980316861	-0.313940950584	-0.313940950584	1	
primary	200000	N62	generalized_stable_anchors	1	0.375	0.375	0	0	0.0440863733164	0.477956813342	-0.433870440025	-0.433870440025	1	
primary	50000	N61	generalized_stable_anchors	2	0.278249822888	0.278249822888	0	0	0.124039366278	0.437980316861	-0.313940950584	-0.313940950584	1	
primary	50000	N62	generalized_stable_anchors	1	0.375	0.375	0	0	0.0440863733164	0.477956813342	-0.433870440025	-0.433870440025	1	
stringent	100000	N61	generalized_stable_anchors	1	0.395181490658	0.395181490658	0	0	0.0872445379222	0.456377731039	-0.369133193117	-0.369133193117	1	
stringent	100000	N62	generalized_stable_anchors	2	0.147522893174	0.147522893174	0	0	0.190305689176	0.404847155412	-0.214541466235	-0.214541466235	1	
stringent	200000	N61	generalized_stable_anchors	1	0.461681547619	0.461681547619	0	0	0.0872445379222	0.456377731039	-0.369133193117	-0.369133193117	1	
stringent	200000	N62	generalized_stable_anchors	2	0.216666666666	0.216666666666	0	0	0.190305689176	0.404847155412	-0.214541466235	-0.214541466235	1	
stringent	50000	N61	generalized_stable_anchors	1	0.39032662398	0.39032662398	0	0	0.0872445379222	0.456377731039	-0.369133193117	-0.369133193117	1	
stringent	50000	N62	generalized_stable_anchors	2	0.222699228037	0.222699228037	0	0	0.190305689176	0.404847155412	-0.214541466235	-0.214541466235	1	
inclusive	100000	combined	generalized_stable_anchors	6	0.463329899267	0.375	0.333333333333	0.333333333333	0.269251898596	0.365374050702	-0.0961221521054	-0.313940950584	0.757424257574	
inclusive	200000	combined	generalized_stable_anchors	6	0.403571428571	0.34375	0.333333333333	0.333333333333	0.269251898596	0.365374050702	-0.0961221521054	-0.313940950584	0.749625037496	
inclusive	50000	combined	generalized_stable_anchors	6	0.467749940963	0.340749822888	0.333333333333	0.333333333333	0.269251898596	0.365374050702	-0.0961221521054	-0.313940950584	0.750224977502	
primary	100000	combined	generalized_stable_anchors	3	0.301659798535	0.342479395604	0	0	0.0973883686238	0.451305815688	-0.353917447064	-0.374111423959	1	
primary	200000	combined	generalized_stable_anchors	3	0.202976190476	0.1875	0	0	0.0973883686238	0.451305815688	-0.353917447064	-0.374111423959	1	
primary	50000	combined	generalized_stable_anchors	3	0.310499881926	0.368999645777	0	0	0.0973883686238	0.451305815688	-0.353917447064	-0.374111423959	1	
stringent	100000	combined	generalized_stable_anchors	3	0.230075759002	0.207090535078	0	0	0.155951972092	0.422024013954	-0.266072041862	-0.369133193117	1	
stringent	200000	combined	generalized_stable_anchors	3	0.298338293651	0.222767857143	0	0	0.155951972092	0.422024013954	-0.266072041862	-0.369133193117	1	
stringent	50000	combined	generalized_stable_anchors	3	0.278575026685	0.39032662398	0	0	0.155951972092	0.422024013954	-0.266072041862	-0.369133193117	1	
inclusive	100000	N61	continuous_generalized	14							0.00758690377711		0.363063693631	
inclusive	100000	N62	continuous_generalized	13							-0.0313125245522		0.983101689831	
inclusive	200000	N61	continuous_generalized	6							0.0206553078109		0.264173582642	
inclusive	200000	N62	continuous_generalized	3							-0.0590963225566		1	
inclusive	50000	N61	continuous_generalized	29							0.034861887791		0.02399760024	
inclusive	50000	N62	continuous_generalized	29							0.00698964834177		0.621837816218	
primary	100000	N61	continuous_generalized	11							-0.0120619947719		0.265573442656	
primary	100000	N62	continuous_generalized	10							-0.0409616208976		0.906609339066	
primary	200000	N61	continuous_generalized	4							-0.0205173888446		0.0792920707929	
primary	200000	N62	continuous_generalized	1							-0.108467610006		1	
primary	50000	N61	continuous_generalized	19							0.0589809166258		0.0499950005	
primary	50000	N62	continuous_generalized	18							-0.0246425342789		0.803319668033	
stringent	100000	N61	continuous_generalized	9							-0.0146367495654		0.200179982002	
stringent	100000	N62	continuous_generalized	8							-6.11257163111e-05		0.459354064594	
stringent	200000	N61	continuous_generalized	3							-0.0385976831647		0.834816518348	
stringent	200000	N62	continuous_generalized	2							-0.00937302116618		1	
stringent	50000	N61	continuous_generalized	12							0.020346957329		0.133586641336	
stringent	50000	N62	continuous_generalized	12							0.0142658231627		0.394860513949	
