structural_set	flank_window_bp	clade	event_id	start	end	event_type	pairing_confidence	role_C1_state	role_C2_state	role_S_state	role_O_state	role_status	arrangement_pattern	predicted_topology	prediction_status	structural_confidence
primary	250000	Columbea	primary_W250000_EV011	1949860	1949860	single_boundary_event	single_boundary	role_heterogeneous	A2	role_heterogeneous	A0	C1:role_heterogeneous;C2:resolved;S:role_heterogeneous;O:resolved	unresolved_or_heterogeneous	no_unique_strict_prediction	no_unique_strict_prediction	limited
primary	250000	N61	primary_W250000_EV011	1949860	1949860	single_boundary_event	single_boundary	role_heterogeneous	role_heterogeneous	A2	role_heterogeneous	C1:role_heterogeneous;C2:role_heterogeneous;S:resolved;O:role_heterogeneous	unresolved_or_heterogeneous	no_unique_strict_prediction	no_unique_strict_prediction	limited
primary	250000	N62	primary_W250000_EV011	1949860	1949860	single_boundary_event	single_boundary	A3	A1	role_heterogeneous	role_heterogeneous	C1:resolved;C2:resolved;S:role_heterogeneous;O:role_heterogeneous	unresolved_or_heterogeneous	no_unique_strict_prediction	no_unique_strict_prediction	limited
primary	250000	Columbea	primary_W250000_EV001	9504880	10974030	adjacency_change	moderate	role_heterogeneous	A2	role_heterogeneous	A0	C1:role_heterogeneous;C2:resolved;S:role_heterogeneous;O:resolved	unresolved_or_heterogeneous	no_unique_strict_prediction	no_unique_strict_prediction	limited
primary	250000	N61	primary_W250000_EV001	9504880	10974030	adjacency_change	moderate	role_heterogeneous	role_heterogeneous	A1	role_heterogeneous	C1:role_heterogeneous;C2:role_heterogeneous;S:resolved;O:role_heterogeneous	unresolved_or_heterogeneous	no_unique_strict_prediction	no_unique_strict_prediction	limited
primary	250000	N62	primary_W250000_EV001	9504880	10974030	adjacency_change	moderate	A4	A6	role_heterogeneous	role_heterogeneous	C1:resolved;C2:resolved;S:role_heterogeneous;O:role_heterogeneous	unresolved_or_heterogeneous	no_unique_strict_prediction	no_unique_strict_prediction	limited
primary	250000	Columbea	primary_W250000_EV002	19760078	25213019	adjacency_change	high	role_heterogeneous	A5	role_heterogeneous	A0	C1:role_heterogeneous;C2:resolved;S:role_heterogeneous;O:resolved	unresolved_or_heterogeneous	no_unique_strict_prediction	no_unique_strict_prediction	limited
primary	250000	N61	primary_W250000_EV002	19760078	25213019	adjacency_change	high	role_heterogeneous	role_heterogeneous	A4	role_heterogeneous	C1:role_heterogeneous;C2:role_heterogeneous;S:resolved;O:role_heterogeneous	unresolved_or_heterogeneous	no_unique_strict_prediction	no_unique_strict_prediction	limited
primary	250000	N62	primary_W250000_EV002	19760078	25213019	adjacency_change	high	A1	A3	role_heterogeneous	role_heterogeneous	C1:resolved;C2:resolved;S:role_heterogeneous;O:role_heterogeneous	unresolved_or_heterogeneous	no_unique_strict_prediction	no_unique_strict_prediction	limited
primary	250000	Columbea	primary_W250000_EV012	25559087	25559087	single_boundary_event	single_boundary	role_heterogeneous	A3	role_heterogeneous	A0	C1:role_heterogeneous;C2:resolved;S:role_heterogeneous;O:resolved	unresolved_or_heterogeneous	no_unique_strict_prediction	no_unique_strict_prediction	high
primary	250000	N61	primary_W250000_EV012	25559087	25559087	single_boundary_event	single_boundary	role_heterogeneous	role_heterogeneous	A3	role_heterogeneous	C1:role_heterogeneous;C2:role_heterogeneous;S:resolved;O:role_heterogeneous	unresolved_or_heterogeneous	no_unique_strict_prediction	no_unique_strict_prediction	high
primary	250000	N62	primary_W250000_EV012	25559087	25559087	single_boundary_event	single_boundary	A4	A1	role_heterogeneous	role_heterogeneous	C1:resolved;C2:resolved;S:role_heterogeneous;O:role_heterogeneous	unresolved_or_heterogeneous	no_unique_strict_prediction	no_unique_strict_prediction	high
primary	250000	Columbea	primary_W250000_EV013	33234049	33234049	single_boundary_event	single_boundary	role_heterogeneous	A4	role_heterogeneous	A0	C1:role_heterogeneous;C2:resolved;S:role_heterogeneous;O:resolved	unresolved_or_heterogeneous	no_unique_strict_prediction	no_unique_strict_prediction	high
primary	250000	N61	primary_W250000_EV013	33234049	33234049	single_boundary_event	single_boundary	role_heterogeneous	role_heterogeneous	A4	role_heterogeneous	C1:role_heterogeneous;C2:role_heterogeneous;S:resolved;O:role_heterogeneous	unresolved_or_heterogeneous	no_unique_strict_prediction	no_unique_strict_prediction	high
primary	250000	N62	primary_W250000_EV013	33234049	33234049	single_boundary_event	single_boundary	A2	A1	role_heterogeneous	role_heterogeneous	C1:resolved;C2:resolved;S:role_heterogeneous;O:role_heterogeneous	unresolved_or_heterogeneous	no_unique_strict_prediction	no_unique_strict_prediction	high
primary	250000	Columbea	primary_W250000_EV003	34021640	34232794	inversion_like	moderate	role_heterogeneous	A5	role_heterogeneous	A0	C1:role_heterogeneous;C2:resolved;S:role_heterogeneous;O:resolved	unresolved_or_heterogeneous	no_unique_strict_prediction	no_unique_strict_prediction	limited
primary	250000	N61	primary_W250000_EV003	34021640	34232794	inversion_like	moderate	role_heterogeneous	role_heterogeneous	A3	role_heterogeneous	C1:role_heterogeneous;C2:role_heterogeneous;S:resolved;O:role_heterogeneous	unresolved_or_heterogeneous	no_unique_strict_prediction	no_unique_strict_prediction	limited
primary	250000	N62	primary_W250000_EV003	34021640	34232794	inversion_like	moderate	A2	A1	role_heterogeneous	role_heterogeneous	C1:resolved;C2:resolved;S:role_heterogeneous;O:role_heterogeneous	unresolved_or_heterogeneous	no_unique_strict_prediction	no_unique_strict_prediction	limited
primary	250000	Columbea	primary_W250000_EV004	35025837	37255236	translocation_like	high	role_heterogeneous	A5	role_heterogeneous	A0	C1:role_heterogeneous;C2:resolved;S:role_heterogeneous;O:resolved	unresolved_or_heterogeneous	no_unique_strict_prediction	no_unique_strict_prediction	high
primary	250000	N61	primary_W250000_EV004	35025837	37255236	translocation_like	high	role_heterogeneous	role_heterogeneous	A3	role_heterogeneous	C1:role_heterogeneous;C2:role_heterogeneous;S:resolved;O:role_heterogeneous	unresolved_or_heterogeneous	no_unique_strict_prediction	no_unique_strict_prediction	high
primary	250000	N62	primary_W250000_EV004	35025837	37255236	translocation_like	high	A6	A1	role_heterogeneous	role_heterogeneous	C1:resolved;C2:resolved;S:role_heterogeneous;O:role_heterogeneous	unresolved_or_heterogeneous	no_unique_strict_prediction	no_unique_strict_prediction	high
primary	250000	Columbea	primary_W250000_EV005	39237022	42267292	inversion_like	moderate	role_heterogeneous	A2	role_heterogeneous	A0	C1:role_heterogeneous;C2:resolved;S:role_heterogeneous;O:resolved	unresolved_or_heterogeneous	no_unique_strict_prediction	no_unique_strict_prediction	high
primary	250000	N61	primary_W250000_EV005	39237022	42267292	inversion_like	moderate	role_heterogeneous	role_heterogeneous	A4	role_heterogeneous	C1:role_heterogeneous;C2:role_heterogeneous;S:resolved;O:role_heterogeneous	unresolved_or_heterogeneous	no_unique_strict_prediction	no_unique_strict_prediction	high
primary	250000	N62	primary_W250000_EV005	39237022	42267292	inversion_like	moderate	A6	A1	role_heterogeneous	role_heterogeneous	C1:resolved;C2:resolved;S:role_heterogeneous;O:role_heterogeneous	unresolved_or_heterogeneous	no_unique_strict_prediction	no_unique_strict_prediction	high
primary	250000	Columbea	primary_W250000_EV006	44647530	45658664	inversion_like	high	role_heterogeneous	A4	role_heterogeneous	A0	C1:role_heterogeneous;C2:resolved;S:role_heterogeneous;O:resolved	unresolved_or_heterogeneous	no_unique_strict_prediction	no_unique_strict_prediction	limited
primary	250000	N61	primary_W250000_EV006	44647530	45658664	inversion_like	high	role_heterogeneous	role_heterogeneous	A2	role_heterogeneous	C1:role_heterogeneous;C2:role_heterogeneous;S:resolved;O:role_heterogeneous	unresolved_or_heterogeneous	no_unique_strict_prediction	no_unique_strict_prediction	limited
primary	250000	N62	primary_W250000_EV006	44647530	45658664	inversion_like	high	A1	A5	role_heterogeneous	role_heterogeneous	C1:resolved;C2:resolved;S:role_heterogeneous;O:role_heterogeneous	unresolved_or_heterogeneous	no_unique_strict_prediction	no_unique_strict_prediction	limited
primary	250000	Columbea	primary_W250000_EV014	46422770	46422770	single_boundary_event	single_boundary	role_heterogeneous	A4	role_heterogeneous	A0	C1:role_heterogeneous;C2:resolved;S:role_heterogeneous;O:resolved	unresolved_or_heterogeneous	no_unique_strict_prediction	no_unique_strict_prediction	high
primary	250000	N61	primary_W250000_EV014	46422770	46422770	single_boundary_event	single_boundary	role_heterogeneous	role_heterogeneous	A4	role_heterogeneous	C1:role_heterogeneous;C2:role_heterogeneous;S:resolved;O:role_heterogeneous	unresolved_or_heterogeneous	no_unique_strict_prediction	no_unique_strict_prediction	high
primary	250000	N62	primary_W250000_EV014	46422770	46422770	single_boundary_event	single_boundary	A3	A2	role_heterogeneous	role_heterogeneous	C1:resolved;C2:resolved;S:role_heterogeneous;O:role_heterogeneous	unresolved_or_heterogeneous	no_unique_strict_prediction	no_unique_strict_prediction	high
primary	250000	Columbea	primary_W250000_EV007	47143089	49159743	adjacency_change	moderate	role_heterogeneous	A2	unresolved	A0	C1:role_heterogeneous;C2:resolved;S:unresolved_role_species_state;O:resolved	unresolved_or_heterogeneous	no_unique_strict_prediction	no_unique_strict_prediction	unresolved
primary	250000	N61	primary_W250000_EV007	47143089	49159743	adjacency_change	moderate	unresolved	role_heterogeneous	A3	role_heterogeneous	C1:unresolved_role_species_state;C2:role_heterogeneous;S:resolved;O:role_heterogeneous	unresolved_or_heterogeneous	no_unique_strict_prediction	no_unique_strict_prediction	unresolved
primary	250000	N62	primary_W250000_EV007	47143089	49159743	adjacency_change	moderate	A4	A1	unresolved	role_heterogeneous	C1:resolved;C2:resolved;S:unresolved_role_species_state;O:role_heterogeneous	unresolved_or_heterogeneous	no_unique_strict_prediction	no_unique_strict_prediction	unresolved
primary	250000	Columbea	primary_W250000_EV015	49624080	49624080	single_boundary_event	single_boundary	role_heterogeneous	A3	role_heterogeneous	A0	C1:role_heterogeneous;C2:resolved;S:role_heterogeneous;O:resolved	unresolved_or_heterogeneous	no_unique_strict_prediction	no_unique_strict_prediction	high
primary	250000	N61	primary_W250000_EV015	49624080	49624080	single_boundary_event	single_boundary	role_heterogeneous	role_heterogeneous	A3	role_heterogeneous	C1:role_heterogeneous;C2:role_heterogeneous;S:resolved;O:role_heterogeneous	unresolved_or_heterogeneous	no_unique_strict_prediction	no_unique_strict_prediction	high
primary	250000	N62	primary_W250000_EV015	49624080	49624080	single_boundary_event	single_boundary	A2	A1	role_heterogeneous	role_heterogeneous	C1:resolved;C2:resolved;S:role_heterogeneous;O:role_heterogeneous	unresolved_or_heterogeneous	no_unique_strict_prediction	no_unique_strict_prediction	high
primary	250000	Columbea	primary_W250000_EV008	50410378	50989362	adjacency_change	high	role_heterogeneous	A3	unresolved	A0	C1:role_heterogeneous;C2:resolved;S:unresolved_role_species_state;O:resolved	unresolved_or_heterogeneous	no_unique_strict_prediction	no_unique_strict_prediction	unresolved
primary	250000	N61	primary_W250000_EV008	50410378	50989362	adjacency_change	high	unresolved	role_heterogeneous	A1	role_heterogeneous	C1:unresolved_role_species_state;C2:role_heterogeneous;S:resolved;O:role_heterogeneous	unresolved_or_heterogeneous	no_unique_strict_prediction	no_unique_strict_prediction	unresolved
primary	250000	N62	primary_W250000_EV008	50410378	50989362	adjacency_change	high	A4	A5	unresolved	role_heterogeneous	C1:resolved;C2:resolved;S:unresolved_role_species_state;O:role_heterogeneous	unresolved_or_heterogeneous	no_unique_strict_prediction	no_unique_strict_prediction	unresolved
primary	250000	Columbea	primary_W250000_EV009	51789124	57203613	inversion_like	high	role_heterogeneous	A1	role_heterogeneous	A0	C1:role_heterogeneous;C2:resolved;S:role_heterogeneous;O:resolved	unresolved_or_heterogeneous	no_unique_strict_prediction	no_unique_strict_prediction	high
primary	250000	N61	primary_W250000_EV009	51789124	57203613	inversion_like	high	role_heterogeneous	role_heterogeneous	A3	role_heterogeneous	C1:role_heterogeneous;C2:role_heterogeneous;S:resolved;O:role_heterogeneous	unresolved_or_heterogeneous	no_unique_strict_prediction	no_unique_strict_prediction	high
primary	250000	N62	primary_W250000_EV009	51789124	57203613	inversion_like	high	A5	A2	role_heterogeneous	role_heterogeneous	C1:resolved;C2:resolved;S:role_heterogeneous;O:role_heterogeneous	unresolved_or_heterogeneous	no_unique_strict_prediction	no_unique_strict_prediction	high
primary	250000	Columbea	primary_W250000_EV010	58171516	59982754	adjacency_change	high	role_heterogeneous	A1	role_heterogeneous	A0	C1:role_heterogeneous;C2:resolved;S:role_heterogeneous;O:resolved	unresolved_or_heterogeneous	no_unique_strict_prediction	no_unique_strict_prediction	high
primary	250000	N61	primary_W250000_EV010	58171516	59982754	adjacency_change	high	role_heterogeneous	role_heterogeneous	A4	role_heterogeneous	C1:role_heterogeneous;C2:role_heterogeneous;S:resolved;O:role_heterogeneous	unresolved_or_heterogeneous	no_unique_strict_prediction	no_unique_strict_prediction	high
primary	250000	N62	primary_W250000_EV010	58171516	59982754	adjacency_change	high	A6	A3	role_heterogeneous	role_heterogeneous	C1:resolved;C2:resolved;S:role_heterogeneous;O:role_heterogeneous	unresolved_or_heterogeneous	no_unique_strict_prediction	no_unique_strict_prediction	high
primary	250000	Columbea	primary_W250000_EV016	61035423	61035423	single_boundary_event	single_boundary	role_heterogeneous	A3	role_heterogeneous	A0	C1:role_heterogeneous;C2:resolved;S:role_heterogeneous;O:resolved	unresolved_or_heterogeneous	no_unique_strict_prediction	no_unique_strict_prediction	limited
primary	250000	N61	primary_W250000_EV016	61035423	61035423	single_boundary_event	single_boundary	role_heterogeneous	role_heterogeneous	A3	role_heterogeneous	C1:role_heterogeneous;C2:role_heterogeneous;S:resolved;O:role_heterogeneous	unresolved_or_heterogeneous	no_unique_strict_prediction	no_unique_strict_prediction	limited
primary	250000	N62	primary_W250000_EV016	61035423	61035423	single_boundary_event	single_boundary	A2	A1	role_heterogeneous	role_heterogeneous	C1:resolved;C2:resolved;S:role_heterogeneous;O:role_heterogeneous	unresolved_or_heterogeneous	no_unique_strict_prediction	no_unique_strict_prediction	limited
