structural_set	clade	species_topology	competing_topology	mask_radius_bp	structural_span_bp	fraction_genomic_span	fraction_windows_associated	competing_frequency_associated	competing_frequency_background	observed_frequency_difference	observed_fold_enrichment	fraction_competing_windows_in_associated	representation_ratio_vs_genomic_span	null_mean_frequency_difference	null_median_frequency_difference	null_sd_frequency_difference	circular_shift_pvalue_one_sided	permutations	null_method	replication_note
stringent	Columbea	q1	q2	250000	7846083	0.0859275283546	0.0789041994751	0.174636174636	0.26678539626	-0.0921492216238	0.654594205996	0.0530973451327	0.617931716988	-0.000621928417903	0.000391733606337	0.0510346598721	0.967103289671	10000	circular shift of complete ordered topology-state track; mask fixed	focal tracks are correlated views, not independent replicates
stringent	N61	q1	q2	250000	7846083	0.0859275283546	0.0781148075669	0.657620041754	0.436582345657	0.221037696096	1.50629096274	0.113187208049	1.3172403561	-0.000987604711892	-0.00315571350331	0.0928084891547	0.003099690031	10000	circular shift of complete ordered topology-state track; mask fixed	focal tracks are correlated views, not independent replicates
stringent	N62	q1	q2	250000	7846083	0.0859275283546	0.0756674035028	0.193258426966	0.290838852097	-0.0975804251308	0.664486280195	0.0515896820636	0.600385965376	0.000102201552695	-0.000334432952187	0.062367268913	0.94800519948	10000	circular shift of complete ordered topology-state track; mask fixed	focal tracks are correlated views, not independent replicates
primary	Columbea	q1	q2	250000	12521582	0.137131941167	0.13156167979	0.187032418953	0.270494899887	-0.083462480934	0.691445269508	0.094816687737	0.691426715978	0.000563574441305	0.00268407183778	0.0541298589214	0.930706929307	10000	circular shift of complete ordered topology-state track; mask fixed	focal tracks are correlated views, not independent replicates
primary	N61	q1	q2	250000	12521582	0.137131941167	0.131278538813	0.623602484472	0.428195982729	0.195406501743	1.45634828355	0.180380883938	1.31538197741	-0.000390769908832	-0.0133675043462	0.100784561957	0.016598340166	10000	circular shift of complete ordered topology-state track; mask fixed	focal tracks are correlated views, not independent replicates
primary	N62	q1	q2	250000	12521582	0.137131941167	0.127869409964	0.218085106383	0.293039578865	-0.0749544724823	0.74421723928	0.0983803239352	0.717413631702	0.000265755373077	0.00128337820404	0.0660583774818	0.838216178382	10000	circular shift of complete ordered topology-state track; mask fixed	focal tracks are correlated views, not independent replicates
inclusive	Columbea	q1	q2	250000	19247660	0.210793570551	0.207020997375	0.216323296355	0.27079023583	-0.0544669394745	0.798859293033	0.172566371681	0.818651020666	-0.000250232800285	0.0034902011439	0.0433951017358	0.876312368763	10000	circular shift of complete ordered topology-state track; mask fixed	focal tracks are correlated views, not independent replicates
inclusive	N61	q1	q2	250000	19247660	0.210793570551	0.206947162427	0.576044129236	0.421961752005	0.154082377231	1.36515721271	0.262666187567	1.24608253886	0.000779073322998	-0.00788362357921	0.0816525401645	0.029197080292	10000	circular shift of complete ordered topology-state track; mask fixed	focal tracks are correlated views, not independent replicates
inclusive	N62	q1	q2	250000	19247660	0.210793570551	0.202516578813	0.235096557515	0.295735607676	-0.0606390501612	0.79495519448	0.167966406719	0.796828889418	0.000207688509593	0.00358481074297	0.0522831692126	0.84701529847	10000	circular shift of complete ordered topology-state track; mask fixed	focal tracks are correlated views, not independent replicates
