structural_interval_id	species1	species2	shared_anchor_count	order_concordance	orientation_concordance	overall_similarity	same_normalized_state
SI_Stork_01	Stork	Flamingo	0	0	0	0	false
SI_Stork_01	Stork	Dove	1	1	1	1	true
SI_Stork_01	Stork	Sandgrouse	1	1	1	1	true
SI_Stork_01	Stork	Turaco	1	1	1	1	true
SI_Stork_01	Stork	Cuckoo	0	0	0	0	false
SI_Stork_01	Flamingo	Dove	0	0	0	0	false
SI_Stork_01	Flamingo	Sandgrouse	0	0	0	0	false
SI_Stork_01	Flamingo	Turaco	0	0	0	0	false
SI_Stork_01	Flamingo	Cuckoo	0	0	0	0	false
SI_Stork_01	Dove	Sandgrouse	1	1	1	1	true
SI_Stork_01	Dove	Turaco	1	1	1	1	true
SI_Stork_01	Dove	Cuckoo	0	0	0	0	false
SI_Stork_01	Sandgrouse	Turaco	1	1	1	1	true
SI_Stork_01	Sandgrouse	Cuckoo	0	0	0	0	false
SI_Stork_01	Turaco	Cuckoo	0	0	0	0	false
SI_Stork_02	Stork	Flamingo	1	1	0	0.5	false
SI_Stork_02	Stork	Dove	1	1	1	1	true
SI_Stork_02	Stork	Sandgrouse	1	1	1	1	true
SI_Stork_02	Stork	Turaco	1	1	1	1	true
SI_Stork_02	Stork	Cuckoo	1	1	0	0.5	false
SI_Stork_02	Flamingo	Dove	1	1	0	0.5	false
SI_Stork_02	Flamingo	Sandgrouse	1	1	0	0.5	false
SI_Stork_02	Flamingo	Turaco	1	1	0	0.5	false
SI_Stork_02	Flamingo	Cuckoo	1	1	1	1	true
SI_Stork_02	Dove	Sandgrouse	1	1	1	1	true
SI_Stork_02	Dove	Turaco	1	1	1	1	true
SI_Stork_02	Dove	Cuckoo	1	1	0	0.5	false
SI_Stork_02	Sandgrouse	Turaco	1	1	1	1	true
SI_Stork_02	Sandgrouse	Cuckoo	1	1	0	0.5	false
SI_Stork_02	Turaco	Cuckoo	1	1	0	0.5	false
SI_Stork_03	Stork	Flamingo	0	0	0	0	false
SI_Stork_03	Stork	Dove	0	0	0	0	false
SI_Stork_03	Stork	Sandgrouse	1	1	1	1	true
SI_Stork_03	Stork	Turaco	1	1	1	1	true
SI_Stork_03	Stork	Cuckoo	0	0	0	0	false
SI_Stork_03	Flamingo	Dove	0	0	0	0	false
SI_Stork_03	Flamingo	Sandgrouse	0	0	0	0	false
SI_Stork_03	Flamingo	Turaco	0	0	0	0	false
SI_Stork_03	Flamingo	Cuckoo	0	0	0	0	false
SI_Stork_03	Dove	Sandgrouse	0	0	0	0	false
SI_Stork_03	Dove	Turaco	0	0	0	0	false
SI_Stork_03	Dove	Cuckoo	0	0	0	0	false
SI_Stork_03	Sandgrouse	Turaco	1	1	1	1	true
SI_Stork_03	Sandgrouse	Cuckoo	0	0	0	0	false
SI_Stork_03	Turaco	Cuckoo	0	0	0	0	false
SI_Stork_04	Stork	Flamingo	3	0.333333333333	0.333333333333	0.333333333333	false
SI_Stork_04	Stork	Dove	2	0.5	1	0.75	false
SI_Stork_04	Stork	Sandgrouse	3	0.333333333333	0.666666666667	0.5	false
SI_Stork_04	Stork	Turaco	3	0	1	0.5	false
SI_Stork_04	Stork	Cuckoo	3	0.333333333333	0.666666666667	0.5	false
SI_Stork_04	Flamingo	Dove	3	0	0	0	false
SI_Stork_04	Flamingo	Sandgrouse	4	0	0.5	0.25	false
SI_Stork_04	Flamingo	Turaco	4	0.25	0.25	0.25	false
SI_Stork_04	Flamingo	Cuckoo	4	0.5	0.5	0.5	false
SI_Stork_04	Dove	Sandgrouse	3	0	0.666666666667	0.333333333333	false
SI_Stork_04	Dove	Turaco	3	0	1	0.5	false
SI_Stork_04	Dove	Cuckoo	3	0	0.666666666667	0.333333333333	false
SI_Stork_04	Sandgrouse	Turaco	4	0.25	0.75	0.5	false
SI_Stork_04	Sandgrouse	Cuckoo	4	0.25	1	0.625	false
SI_Stork_04	Turaco	Cuckoo	4	0.5	0.75	0.625	false
SI_Stork_05	Stork	Flamingo	2	1	0	0.5	false
SI_Stork_05	Stork	Dove	2	0	1	0.5	false
SI_Stork_05	Stork	Sandgrouse	2	0	0.5	0.25	false
SI_Stork_05	Stork	Turaco	2	0	1	0.5	false
SI_Stork_05	Stork	Cuckoo	2	1	0.5	0.75	false
SI_Stork_05	Flamingo	Dove	2	0	0	0	false
SI_Stork_05	Flamingo	Sandgrouse	2	0	0.5	0.25	false
SI_Stork_05	Flamingo	Turaco	2	0	0	0	false
SI_Stork_05	Flamingo	Cuckoo	2	1	0.5	0.75	false
SI_Stork_05	Dove	Sandgrouse	2	0.5	0.5	0.5	false
SI_Stork_05	Dove	Turaco	2	1	1	1	true
SI_Stork_05	Dove	Cuckoo	2	0	0.5	0.25	false
SI_Stork_05	Sandgrouse	Turaco	2	0.5	0.5	0.5	false
SI_Stork_05	Sandgrouse	Cuckoo	2	0	1	0.5	false
SI_Stork_05	Turaco	Cuckoo	2	0	0.5	0.25	false
SI_Stork_06	Stork	Flamingo	1	1	0	0.5	false
SI_Stork_06	Stork	Dove	1	1	1	1	true
SI_Stork_06	Stork	Sandgrouse	1	1	0	0.5	false
SI_Stork_06	Stork	Turaco	1	1	1	1	true
SI_Stork_06	Stork	Cuckoo	1	1	0	0.5	false
SI_Stork_06	Flamingo	Dove	1	1	0	0.5	false
SI_Stork_06	Flamingo	Sandgrouse	1	1	1	1	true
SI_Stork_06	Flamingo	Turaco	1	1	0	0.5	false
SI_Stork_06	Flamingo	Cuckoo	1	1	1	1	true
SI_Stork_06	Dove	Sandgrouse	1	1	0	0.5	false
SI_Stork_06	Dove	Turaco	1	1	1	1	true
SI_Stork_06	Dove	Cuckoo	1	1	0	0.5	false
SI_Stork_06	Sandgrouse	Turaco	1	1	0	0.5	false
SI_Stork_06	Sandgrouse	Cuckoo	1	1	1	1	true
SI_Stork_06	Turaco	Cuckoo	1	1	0	0.5	false
SI_Flamingo_01	Stork	Flamingo	0	0	0	0	false
SI_Flamingo_01	Stork	Dove	1	1	1	1	true
SI_Flamingo_01	Stork	Sandgrouse	1	1	1	1	true
SI_Flamingo_01	Stork	Turaco	1	1	1	1	true
SI_Flamingo_01	Stork	Cuckoo	0	0	0	0	false
SI_Flamingo_01	Flamingo	Dove	0	0	0	0	false
SI_Flamingo_01	Flamingo	Sandgrouse	0	0	0	0	false
SI_Flamingo_01	Flamingo	Turaco	0	0	0	0	false
SI_Flamingo_01	Flamingo	Cuckoo	0	0	0	0	false
SI_Flamingo_01	Dove	Sandgrouse	1	1	1	1	true
SI_Flamingo_01	Dove	Turaco	1	1	1	1	true
SI_Flamingo_01	Dove	Cuckoo	0	0	0	0	false
SI_Flamingo_01	Sandgrouse	Turaco	1	1	1	1	true
SI_Flamingo_01	Sandgrouse	Cuckoo	0	0	0	0	false
SI_Flamingo_01	Turaco	Cuckoo	0	0	0	0	false
SI_Flamingo_02	Stork	Flamingo	1	1	0	0.5	false
SI_Flamingo_02	Stork	Dove	1	1	1	1	true
SI_Flamingo_02	Stork	Sandgrouse	1	1	1	1	true
SI_Flamingo_02	Stork	Turaco	1	1	1	1	true
SI_Flamingo_02	Stork	Cuckoo	1	1	0	0.5	false
SI_Flamingo_02	Flamingo	Dove	1	1	0	0.5	false
SI_Flamingo_02	Flamingo	Sandgrouse	1	1	0	0.5	false
SI_Flamingo_02	Flamingo	Turaco	1	1	0	0.5	false
SI_Flamingo_02	Flamingo	Cuckoo	1	1	1	1	true
SI_Flamingo_02	Dove	Sandgrouse	1	1	1	1	true
SI_Flamingo_02	Dove	Turaco	1	1	1	1	true
SI_Flamingo_02	Dove	Cuckoo	1	1	0	0.5	false
SI_Flamingo_02	Sandgrouse	Turaco	1	1	1	1	true
SI_Flamingo_02	Sandgrouse	Cuckoo	1	1	0	0.5	false
SI_Flamingo_02	Turaco	Cuckoo	1	1	0	0.5	false
SI_Flamingo_03	Stork	Flamingo	0	0	0	0	false
SI_Flamingo_03	Stork	Dove	0	0	0	0	false
SI_Flamingo_03	Stork	Sandgrouse	1	1	1	1	true
SI_Flamingo_03	Stork	Turaco	1	1	1	1	true
SI_Flamingo_03	Stork	Cuckoo	0	0	0	0	false
SI_Flamingo_03	Flamingo	Dove	0	0	0	0	false
SI_Flamingo_03	Flamingo	Sandgrouse	0	0	0	0	false
SI_Flamingo_03	Flamingo	Turaco	0	0	0	0	false
SI_Flamingo_03	Flamingo	Cuckoo	0	0	0	0	false
SI_Flamingo_03	Dove	Sandgrouse	0	0	0	0	false
SI_Flamingo_03	Dove	Turaco	0	0	0	0	false
SI_Flamingo_03	Dove	Cuckoo	0	0	0	0	false
SI_Flamingo_03	Sandgrouse	Turaco	1	1	1	1	true
SI_Flamingo_03	Sandgrouse	Cuckoo	0	0	0	0	false
SI_Flamingo_03	Turaco	Cuckoo	0	0	0	0	false
SI_Flamingo_04	Stork	Flamingo	4	0.25	0.5	0.375	false
SI_Flamingo_04	Stork	Dove	3	0.666666666667	0.666666666667	0.666666666667	false
SI_Flamingo_04	Stork	Sandgrouse	4	0.5	0.75	0.625	false
SI_Flamingo_04	Stork	Turaco	4	0	1	0.5	false
SI_Flamingo_04	Stork	Cuckoo	4	0.25	0.75	0.5	false
SI_Flamingo_04	Flamingo	Dove	4	0	0	0	false
SI_Flamingo_04	Flamingo	Sandgrouse	5	0	0.6	0.3	false
SI_Flamingo_04	Flamingo	Turaco	5	0.4	0.4	0.4	false
SI_Flamingo_04	Flamingo	Cuckoo	5	0.2	0.6	0.4	false
SI_Flamingo_04	Dove	Sandgrouse	4	0.25	0.5	0.375	false
SI_Flamingo_04	Dove	Turaco	4	0	0.75	0.375	false
SI_Flamingo_04	Dove	Cuckoo	4	0	0.5	0.25	false
SI_Flamingo_04	Sandgrouse	Turaco	5	0	0.8	0.4	false
SI_Flamingo_04	Sandgrouse	Cuckoo	5	0.2	1	0.6	false
SI_Flamingo_04	Turaco	Cuckoo	5	0	0.8	0.4	false
SI_Flamingo_05	Stork	Flamingo	1	1	0	0.5	false
SI_Flamingo_05	Stork	Dove	1	1	1	1	true
SI_Flamingo_05	Stork	Sandgrouse	1	1	0	0.5	false
SI_Flamingo_05	Stork	Turaco	1	1	1	1	true
SI_Flamingo_05	Stork	Cuckoo	1	1	0	0.5	false
SI_Flamingo_05	Flamingo	Dove	1	1	0	0.5	false
SI_Flamingo_05	Flamingo	Sandgrouse	1	1	1	1	true
SI_Flamingo_05	Flamingo	Turaco	1	1	0	0.5	false
SI_Flamingo_05	Flamingo	Cuckoo	1	1	1	1	true
SI_Flamingo_05	Dove	Sandgrouse	1	1	0	0.5	false
SI_Flamingo_05	Dove	Turaco	1	1	1	1	true
SI_Flamingo_05	Dove	Cuckoo	1	1	0	0.5	false
SI_Flamingo_05	Sandgrouse	Turaco	1	1	0	0.5	false
SI_Flamingo_05	Sandgrouse	Cuckoo	1	1	1	1	true
SI_Flamingo_05	Turaco	Cuckoo	1	1	0	0.5	false
SI_Flamingo_06	Stork	Flamingo	1	1	1	1	true
SI_Flamingo_06	Stork	Dove	1	1	0	0.5	false
SI_Flamingo_06	Stork	Sandgrouse	1	1	1	1	true
SI_Flamingo_06	Stork	Turaco	1	1	1	1	true
SI_Flamingo_06	Stork	Cuckoo	1	1	1	1	true
SI_Flamingo_06	Flamingo	Dove	1	1	0	0.5	false
SI_Flamingo_06	Flamingo	Sandgrouse	1	1	1	1	true
SI_Flamingo_06	Flamingo	Turaco	1	1	1	1	true
SI_Flamingo_06	Flamingo	Cuckoo	1	1	1	1	true
SI_Flamingo_06	Dove	Sandgrouse	1	1	0	0.5	false
SI_Flamingo_06	Dove	Turaco	1	1	0	0.5	false
SI_Flamingo_06	Dove	Cuckoo	1	1	0	0.5	false
SI_Flamingo_06	Sandgrouse	Turaco	1	1	1	1	true
SI_Flamingo_06	Sandgrouse	Cuckoo	1	1	1	1	true
SI_Flamingo_06	Turaco	Cuckoo	1	1	1	1	true
SI_Dove_01	Stork	Flamingo	0	0	0	0	false
SI_Dove_01	Stork	Dove	1	1	1	1	true
SI_Dove_01	Stork	Sandgrouse	1	1	1	1	true
SI_Dove_01	Stork	Turaco	1	1	1	1	true
SI_Dove_01	Stork	Cuckoo	0	0	0	0	false
SI_Dove_01	Flamingo	Dove	0	0	0	0	false
SI_Dove_01	Flamingo	Sandgrouse	0	0	0	0	false
SI_Dove_01	Flamingo	Turaco	0	0	0	0	false
SI_Dove_01	Flamingo	Cuckoo	0	0	0	0	false
SI_Dove_01	Dove	Sandgrouse	1	1	1	1	true
SI_Dove_01	Dove	Turaco	1	1	1	1	true
SI_Dove_01	Dove	Cuckoo	0	0	0	0	false
SI_Dove_01	Sandgrouse	Turaco	1	1	1	1	true
SI_Dove_01	Sandgrouse	Cuckoo	0	0	0	0	false
SI_Dove_01	Turaco	Cuckoo	0	0	0	0	false
SI_Dove_02	Stork	Flamingo	1	1	0	0.5	false
SI_Dove_02	Stork	Dove	1	1	1	1	true
SI_Dove_02	Stork	Sandgrouse	1	1	1	1	true
SI_Dove_02	Stork	Turaco	1	1	1	1	true
SI_Dove_02	Stork	Cuckoo	1	1	0	0.5	false
SI_Dove_02	Flamingo	Dove	1	1	0	0.5	false
SI_Dove_02	Flamingo	Sandgrouse	1	1	0	0.5	false
SI_Dove_02	Flamingo	Turaco	1	1	0	0.5	false
SI_Dove_02	Flamingo	Cuckoo	1	1	1	1	true
SI_Dove_02	Dove	Sandgrouse	1	1	1	1	true
SI_Dove_02	Dove	Turaco	1	1	1	1	true
SI_Dove_02	Dove	Cuckoo	1	1	0	0.5	false
SI_Dove_02	Sandgrouse	Turaco	1	1	1	1	true
SI_Dove_02	Sandgrouse	Cuckoo	1	1	0	0.5	false
SI_Dove_02	Turaco	Cuckoo	1	1	0	0.5	false
SI_Dove_03	Stork	Flamingo	1	1	0	0.5	false
SI_Dove_03	Stork	Dove	1	1	1	1	true
SI_Dove_03	Stork	Sandgrouse	1	1	1	1	true
SI_Dove_03	Stork	Turaco	1	1	1	1	true
SI_Dove_03	Stork	Cuckoo	1	1	0	0.5	false
SI_Dove_03	Flamingo	Dove	1	1	0	0.5	false
SI_Dove_03	Flamingo	Sandgrouse	1	1	0	0.5	false
SI_Dove_03	Flamingo	Turaco	1	1	0	0.5	false
SI_Dove_03	Flamingo	Cuckoo	1	1	1	1	true
SI_Dove_03	Dove	Sandgrouse	1	1	1	1	true
SI_Dove_03	Dove	Turaco	1	1	1	1	true
SI_Dove_03	Dove	Cuckoo	1	1	0	0.5	false
SI_Dove_03	Sandgrouse	Turaco	1	1	1	1	true
SI_Dove_03	Sandgrouse	Cuckoo	1	1	0	0.5	false
SI_Dove_03	Turaco	Cuckoo	1	1	0	0.5	false
SI_Dove_04	Stork	Flamingo	1	1	1	1	true
SI_Dove_04	Stork	Dove	1	1	0	0.5	false
SI_Dove_04	Stork	Sandgrouse	1	1	1	1	true
SI_Dove_04	Stork	Turaco	1	1	1	1	true
SI_Dove_04	Stork	Cuckoo	1	1	1	1	true
SI_Dove_04	Flamingo	Dove	1	1	0	0.5	false
SI_Dove_04	Flamingo	Sandgrouse	1	1	1	1	true
SI_Dove_04	Flamingo	Turaco	1	1	1	1	true
SI_Dove_04	Flamingo	Cuckoo	1	1	1	1	true
SI_Dove_04	Dove	Sandgrouse	1	1	0	0.5	false
SI_Dove_04	Dove	Turaco	1	1	0	0.5	false
SI_Dove_04	Dove	Cuckoo	1	1	0	0.5	false
SI_Dove_04	Sandgrouse	Turaco	1	1	1	1	true
SI_Dove_04	Sandgrouse	Cuckoo	1	1	1	1	true
SI_Dove_04	Turaco	Cuckoo	1	1	1	1	true
SI_Dove_05	Stork	Flamingo	4	0.25	0.5	0.375	false
SI_Dove_05	Stork	Dove	3	0.666666666667	0.666666666667	0.666666666667	false
SI_Dove_05	Stork	Sandgrouse	4	0.5	0.75	0.625	false
SI_Dove_05	Stork	Turaco	4	0	1	0.5	false
SI_Dove_05	Stork	Cuckoo	4	0.25	0.75	0.5	false
SI_Dove_05	Flamingo	Dove	4	0	0	0	false
SI_Dove_05	Flamingo	Sandgrouse	5	0	0.6	0.3	false
SI_Dove_05	Flamingo	Turaco	5	0.4	0.4	0.4	false
SI_Dove_05	Flamingo	Cuckoo	5	0.2	0.6	0.4	false
SI_Dove_05	Dove	Sandgrouse	4	0.25	0.5	0.375	false
SI_Dove_05	Dove	Turaco	4	0	0.75	0.375	false
SI_Dove_05	Dove	Cuckoo	4	0	0.5	0.25	false
SI_Dove_05	Sandgrouse	Turaco	5	0	0.8	0.4	false
SI_Dove_05	Sandgrouse	Cuckoo	5	0.2	1	0.6	false
SI_Dove_05	Turaco	Cuckoo	5	0	0.8	0.4	false
SI_Dove_06	Stork	Flamingo	1	1	1	1	true
SI_Dove_06	Stork	Dove	0	0	0	0	false
SI_Dove_06	Stork	Sandgrouse	1	1	1	1	true
SI_Dove_06	Stork	Turaco	1	1	1	1	true
SI_Dove_06	Stork	Cuckoo	1	1	1	1	true
SI_Dove_06	Flamingo	Dove	0	0	0	0	false
SI_Dove_06	Flamingo	Sandgrouse	1	1	1	1	true
SI_Dove_06	Flamingo	Turaco	1	1	1	1	true
SI_Dove_06	Flamingo	Cuckoo	1	1	1	1	true
SI_Dove_06	Dove	Sandgrouse	0	0	0	0	false
SI_Dove_06	Dove	Turaco	0	0	0	0	false
SI_Dove_06	Dove	Cuckoo	0	0	0	0	false
SI_Dove_06	Sandgrouse	Turaco	1	1	1	1	true
SI_Dove_06	Sandgrouse	Cuckoo	1	1	1	1	true
SI_Dove_06	Turaco	Cuckoo	1	1	1	1	true
SI_Dove_07	Stork	Flamingo	1	1	1	1	true
SI_Dove_07	Stork	Dove	1	1	0	0.5	false
SI_Dove_07	Stork	Sandgrouse	1	1	1	1	true
SI_Dove_07	Stork	Turaco	1	1	1	1	true
SI_Dove_07	Stork	Cuckoo	1	1	1	1	true
SI_Dove_07	Flamingo	Dove	1	1	0	0.5	false
SI_Dove_07	Flamingo	Sandgrouse	1	1	1	1	true
SI_Dove_07	Flamingo	Turaco	1	1	1	1	true
SI_Dove_07	Flamingo	Cuckoo	1	1	1	1	true
SI_Dove_07	Dove	Sandgrouse	1	1	0	0.5	false
SI_Dove_07	Dove	Turaco	1	1	0	0.5	false
SI_Dove_07	Dove	Cuckoo	1	1	0	0.5	false
SI_Dove_07	Sandgrouse	Turaco	1	1	1	1	true
SI_Dove_07	Sandgrouse	Cuckoo	1	1	1	1	true
SI_Dove_07	Turaco	Cuckoo	1	1	1	1	true
SI_Sandgrouse_01	Stork	Flamingo	0	0	0	0	false
SI_Sandgrouse_01	Stork	Dove	1	1	1	1	true
SI_Sandgrouse_01	Stork	Sandgrouse	1	1	1	1	true
SI_Sandgrouse_01	Stork	Turaco	1	1	1	1	true
SI_Sandgrouse_01	Stork	Cuckoo	0	0	0	0	false
SI_Sandgrouse_01	Flamingo	Dove	0	0	0	0	false
SI_Sandgrouse_01	Flamingo	Sandgrouse	0	0	0	0	false
SI_Sandgrouse_01	Flamingo	Turaco	0	0	0	0	false
SI_Sandgrouse_01	Flamingo	Cuckoo	0	0	0	0	false
SI_Sandgrouse_01	Dove	Sandgrouse	1	1	1	1	true
SI_Sandgrouse_01	Dove	Turaco	1	1	1	1	true
SI_Sandgrouse_01	Dove	Cuckoo	0	0	0	0	false
SI_Sandgrouse_01	Sandgrouse	Turaco	1	1	1	1	true
SI_Sandgrouse_01	Sandgrouse	Cuckoo	0	0	0	0	false
SI_Sandgrouse_01	Turaco	Cuckoo	0	0	0	0	false
SI_Sandgrouse_02	Stork	Flamingo	1	1	0	0.5	false
SI_Sandgrouse_02	Stork	Dove	1	1	1	1	true
SI_Sandgrouse_02	Stork	Sandgrouse	1	1	1	1	true
SI_Sandgrouse_02	Stork	Turaco	1	1	1	1	true
SI_Sandgrouse_02	Stork	Cuckoo	1	1	0	0.5	false
SI_Sandgrouse_02	Flamingo	Dove	1	1	0	0.5	false
SI_Sandgrouse_02	Flamingo	Sandgrouse	1	1	0	0.5	false
SI_Sandgrouse_02	Flamingo	Turaco	1	1	0	0.5	false
SI_Sandgrouse_02	Flamingo	Cuckoo	1	1	1	1	true
SI_Sandgrouse_02	Dove	Sandgrouse	1	1	1	1	true
SI_Sandgrouse_02	Dove	Turaco	1	1	1	1	true
SI_Sandgrouse_02	Dove	Cuckoo	1	1	0	0.5	false
SI_Sandgrouse_02	Sandgrouse	Turaco	1	1	1	1	true
SI_Sandgrouse_02	Sandgrouse	Cuckoo	1	1	0	0.5	false
SI_Sandgrouse_02	Turaco	Cuckoo	1	1	0	0.5	false
SI_Sandgrouse_03	Stork	Flamingo	0	0	0	0	false
SI_Sandgrouse_03	Stork	Dove	0	0	0	0	false
SI_Sandgrouse_03	Stork	Sandgrouse	1	1	1	1	true
SI_Sandgrouse_03	Stork	Turaco	1	1	1	1	true
SI_Sandgrouse_03	Stork	Cuckoo	0	0	0	0	false
SI_Sandgrouse_03	Flamingo	Dove	0	0	0	0	false
SI_Sandgrouse_03	Flamingo	Sandgrouse	0	0	0	0	false
SI_Sandgrouse_03	Flamingo	Turaco	0	0	0	0	false
SI_Sandgrouse_03	Flamingo	Cuckoo	0	0	0	0	false
SI_Sandgrouse_03	Dove	Sandgrouse	0	0	0	0	false
SI_Sandgrouse_03	Dove	Turaco	0	0	0	0	false
SI_Sandgrouse_03	Dove	Cuckoo	0	0	0	0	false
SI_Sandgrouse_03	Sandgrouse	Turaco	1	1	1	1	true
SI_Sandgrouse_03	Sandgrouse	Cuckoo	0	0	0	0	false
SI_Sandgrouse_03	Turaco	Cuckoo	0	0	0	0	false
SI_Sandgrouse_04	Stork	Flamingo	4	0.25	0.5	0.375	false
SI_Sandgrouse_04	Stork	Dove	3	0.666666666667	0.666666666667	0.666666666667	false
SI_Sandgrouse_04	Stork	Sandgrouse	4	0.5	0.75	0.625	false
SI_Sandgrouse_04	Stork	Turaco	4	0	1	0.5	false
SI_Sandgrouse_04	Stork	Cuckoo	4	0.25	0.75	0.5	false
SI_Sandgrouse_04	Flamingo	Dove	4	0	0	0	false
SI_Sandgrouse_04	Flamingo	Sandgrouse	5	0	0.6	0.3	false
SI_Sandgrouse_04	Flamingo	Turaco	5	0.4	0.4	0.4	false
SI_Sandgrouse_04	Flamingo	Cuckoo	5	0.2	0.6	0.4	false
SI_Sandgrouse_04	Dove	Sandgrouse	4	0.25	0.5	0.375	false
SI_Sandgrouse_04	Dove	Turaco	4	0	0.75	0.375	false
SI_Sandgrouse_04	Dove	Cuckoo	4	0	0.5	0.25	false
SI_Sandgrouse_04	Sandgrouse	Turaco	5	0	0.8	0.4	false
SI_Sandgrouse_04	Sandgrouse	Cuckoo	5	0.2	1	0.6	false
SI_Sandgrouse_04	Turaco	Cuckoo	5	0	0.8	0.4	false
SI_Sandgrouse_05	Stork	Flamingo	1	1	0	0.5	false
SI_Sandgrouse_05	Stork	Dove	1	1	1	1	true
SI_Sandgrouse_05	Stork	Sandgrouse	1	1	1	1	true
SI_Sandgrouse_05	Stork	Turaco	1	1	1	1	true
SI_Sandgrouse_05	Stork	Cuckoo	1	1	1	1	true
SI_Sandgrouse_05	Flamingo	Dove	1	1	0	0.5	false
SI_Sandgrouse_05	Flamingo	Sandgrouse	1	1	0	0.5	false
SI_Sandgrouse_05	Flamingo	Turaco	1	1	0	0.5	false
SI_Sandgrouse_05	Flamingo	Cuckoo	1	1	0	0.5	false
SI_Sandgrouse_05	Dove	Sandgrouse	1	1	1	1	true
SI_Sandgrouse_05	Dove	Turaco	1	1	1	1	true
SI_Sandgrouse_05	Dove	Cuckoo	1	1	1	1	true
SI_Sandgrouse_05	Sandgrouse	Turaco	1	1	1	1	true
SI_Sandgrouse_05	Sandgrouse	Cuckoo	1	1	1	1	true
SI_Sandgrouse_05	Turaco	Cuckoo	1	1	1	1	true
SI_Sandgrouse_06	Stork	Flamingo	1	1	0	0.5	false
SI_Sandgrouse_06	Stork	Dove	1	1	1	1	true
SI_Sandgrouse_06	Stork	Sandgrouse	1	1	0	0.5	false
SI_Sandgrouse_06	Stork	Turaco	1	1	1	1	true
SI_Sandgrouse_06	Stork	Cuckoo	1	1	0	0.5	false
SI_Sandgrouse_06	Flamingo	Dove	1	1	0	0.5	false
SI_Sandgrouse_06	Flamingo	Sandgrouse	1	1	1	1	true
SI_Sandgrouse_06	Flamingo	Turaco	1	1	0	0.5	false
SI_Sandgrouse_06	Flamingo	Cuckoo	1	1	1	1	true
SI_Sandgrouse_06	Dove	Sandgrouse	1	1	0	0.5	false
SI_Sandgrouse_06	Dove	Turaco	1	1	1	1	true
SI_Sandgrouse_06	Dove	Cuckoo	1	1	0	0.5	false
SI_Sandgrouse_06	Sandgrouse	Turaco	1	1	0	0.5	false
SI_Sandgrouse_06	Sandgrouse	Cuckoo	1	1	1	1	true
SI_Sandgrouse_06	Turaco	Cuckoo	1	1	0	0.5	false
SI_Sandgrouse_07	Stork	Flamingo	1	1	1	1	true
SI_Sandgrouse_07	Stork	Dove	1	1	0	0.5	false
SI_Sandgrouse_07	Stork	Sandgrouse	1	1	1	1	true
SI_Sandgrouse_07	Stork	Turaco	1	1	1	1	true
SI_Sandgrouse_07	Stork	Cuckoo	1	1	1	1	true
SI_Sandgrouse_07	Flamingo	Dove	1	1	0	0.5	false
SI_Sandgrouse_07	Flamingo	Sandgrouse	1	1	1	1	true
SI_Sandgrouse_07	Flamingo	Turaco	1	1	1	1	true
SI_Sandgrouse_07	Flamingo	Cuckoo	1	1	1	1	true
SI_Sandgrouse_07	Dove	Sandgrouse	1	1	0	0.5	false
SI_Sandgrouse_07	Dove	Turaco	1	1	0	0.5	false
SI_Sandgrouse_07	Dove	Cuckoo	1	1	0	0.5	false
SI_Sandgrouse_07	Sandgrouse	Turaco	1	1	1	1	true
SI_Sandgrouse_07	Sandgrouse	Cuckoo	1	1	1	1	true
SI_Sandgrouse_07	Turaco	Cuckoo	1	1	1	1	true
SI_Turaco_01	Stork	Flamingo	0	0	0	0	false
SI_Turaco_01	Stork	Dove	1	1	1	1	true
SI_Turaco_01	Stork	Sandgrouse	1	1	1	1	true
SI_Turaco_01	Stork	Turaco	1	1	1	1	true
SI_Turaco_01	Stork	Cuckoo	0	0	0	0	false
SI_Turaco_01	Flamingo	Dove	0	0	0	0	false
SI_Turaco_01	Flamingo	Sandgrouse	0	0	0	0	false
SI_Turaco_01	Flamingo	Turaco	0	0	0	0	false
SI_Turaco_01	Flamingo	Cuckoo	0	0	0	0	false
SI_Turaco_01	Dove	Sandgrouse	1	1	1	1	true
SI_Turaco_01	Dove	Turaco	1	1	1	1	true
SI_Turaco_01	Dove	Cuckoo	0	0	0	0	false
SI_Turaco_01	Sandgrouse	Turaco	1	1	1	1	true
SI_Turaco_01	Sandgrouse	Cuckoo	0	0	0	0	false
SI_Turaco_01	Turaco	Cuckoo	0	0	0	0	false
SI_Turaco_02	Stork	Flamingo	1	1	0	0.5	false
SI_Turaco_02	Stork	Dove	1	1	1	1	true
SI_Turaco_02	Stork	Sandgrouse	1	1	1	1	true
SI_Turaco_02	Stork	Turaco	1	1	1	1	true
SI_Turaco_02	Stork	Cuckoo	1	1	0	0.5	false
SI_Turaco_02	Flamingo	Dove	1	1	0	0.5	false
SI_Turaco_02	Flamingo	Sandgrouse	1	1	0	0.5	false
SI_Turaco_02	Flamingo	Turaco	1	1	0	0.5	false
SI_Turaco_02	Flamingo	Cuckoo	1	1	1	1	true
SI_Turaco_02	Dove	Sandgrouse	1	1	1	1	true
SI_Turaco_02	Dove	Turaco	1	1	1	1	true
SI_Turaco_02	Dove	Cuckoo	1	1	0	0.5	false
SI_Turaco_02	Sandgrouse	Turaco	1	1	1	1	true
SI_Turaco_02	Sandgrouse	Cuckoo	1	1	0	0.5	false
SI_Turaco_02	Turaco	Cuckoo	1	1	0	0.5	false
SI_Turaco_03	Stork	Flamingo	0	0	0	0	false
SI_Turaco_03	Stork	Dove	1	1	1	1	true
SI_Turaco_03	Stork	Sandgrouse	1	1	1	1	true
SI_Turaco_03	Stork	Turaco	1	1	1	1	true
SI_Turaco_03	Stork	Cuckoo	0	0	0	0	false
SI_Turaco_03	Flamingo	Dove	0	0	0	0	false
SI_Turaco_03	Flamingo	Sandgrouse	0	0	0	0	false
SI_Turaco_03	Flamingo	Turaco	0	0	0	0	false
SI_Turaco_03	Flamingo	Cuckoo	0	0	0	0	false
SI_Turaco_03	Dove	Sandgrouse	1	1	1	1	true
SI_Turaco_03	Dove	Turaco	1	1	1	1	true
SI_Turaco_03	Dove	Cuckoo	0	0	0	0	false
SI_Turaco_03	Sandgrouse	Turaco	1	1	1	1	true
SI_Turaco_03	Sandgrouse	Cuckoo	0	0	0	0	false
SI_Turaco_03	Turaco	Cuckoo	0	0	0	0	false
SI_Turaco_04	Stork	Flamingo	4	0.25	0.5	0.375	false
SI_Turaco_04	Stork	Dove	3	0.666666666667	0.666666666667	0.666666666667	false
SI_Turaco_04	Stork	Sandgrouse	4	0.5	0.75	0.625	false
SI_Turaco_04	Stork	Turaco	4	0	1	0.5	false
SI_Turaco_04	Stork	Cuckoo	4	0.25	0.75	0.5	false
SI_Turaco_04	Flamingo	Dove	4	0	0	0	false
SI_Turaco_04	Flamingo	Sandgrouse	5	0	0.6	0.3	false
SI_Turaco_04	Flamingo	Turaco	5	0.4	0.4	0.4	false
SI_Turaco_04	Flamingo	Cuckoo	5	0.2	0.6	0.4	false
SI_Turaco_04	Dove	Sandgrouse	4	0.25	0.5	0.375	false
SI_Turaco_04	Dove	Turaco	4	0	0.75	0.375	false
SI_Turaco_04	Dove	Cuckoo	4	0	0.5	0.25	false
SI_Turaco_04	Sandgrouse	Turaco	5	0	0.8	0.4	false
SI_Turaco_04	Sandgrouse	Cuckoo	5	0.2	1	0.6	false
SI_Turaco_04	Turaco	Cuckoo	5	0	0.8	0.4	false
SI_Turaco_05	Stork	Flamingo	1	1	0	0.5	false
SI_Turaco_05	Stork	Dove	1	0	1	0.5	false
SI_Turaco_05	Stork	Sandgrouse	1	1	1	1	true
SI_Turaco_05	Stork	Turaco	1	0	1	0.5	false
SI_Turaco_05	Stork	Cuckoo	1	0	1	0.5	false
SI_Turaco_05	Flamingo	Dove	2	0	0	0	false
SI_Turaco_05	Flamingo	Sandgrouse	2	1	0	0.5	false
SI_Turaco_05	Flamingo	Turaco	2	0	0	0	false
SI_Turaco_05	Flamingo	Cuckoo	2	0	0	0	false
SI_Turaco_05	Dove	Sandgrouse	2	0	1	0.5	false
SI_Turaco_05	Dove	Turaco	2	1	1	1	true
SI_Turaco_05	Dove	Cuckoo	2	1	1	1	true
SI_Turaco_05	Sandgrouse	Turaco	2	0	1	0.5	false
SI_Turaco_05	Sandgrouse	Cuckoo	2	0	1	0.5	false
SI_Turaco_05	Turaco	Cuckoo	2	1	1	1	true
SI_Turaco_06	Stork	Flamingo	1	1	0	0.5	false
SI_Turaco_06	Stork	Dove	1	1	1	1	true
SI_Turaco_06	Stork	Sandgrouse	1	1	0	0.5	false
SI_Turaco_06	Stork	Turaco	1	1	1	1	true
SI_Turaco_06	Stork	Cuckoo	1	1	0	0.5	false
SI_Turaco_06	Flamingo	Dove	1	1	0	0.5	false
SI_Turaco_06	Flamingo	Sandgrouse	1	1	1	1	true
SI_Turaco_06	Flamingo	Turaco	1	1	0	0.5	false
SI_Turaco_06	Flamingo	Cuckoo	1	1	1	1	true
SI_Turaco_06	Dove	Sandgrouse	1	1	0	0.5	false
SI_Turaco_06	Dove	Turaco	1	1	1	1	true
SI_Turaco_06	Dove	Cuckoo	1	1	0	0.5	false
SI_Turaco_06	Sandgrouse	Turaco	1	1	0	0.5	false
SI_Turaco_06	Sandgrouse	Cuckoo	1	1	1	1	true
SI_Turaco_06	Turaco	Cuckoo	1	1	0	0.5	false
SI_Turaco_07	Stork	Flamingo	1	1	0	0.5	false
SI_Turaco_07	Stork	Dove	1	1	1	1	true
SI_Turaco_07	Stork	Sandgrouse	1	1	0	0.5	false
SI_Turaco_07	Stork	Turaco	1	1	1	1	true
SI_Turaco_07	Stork	Cuckoo	1	1	0	0.5	false
SI_Turaco_07	Flamingo	Dove	1	1	0	0.5	false
SI_Turaco_07	Flamingo	Sandgrouse	1	1	1	1	true
SI_Turaco_07	Flamingo	Turaco	1	1	0	0.5	false
SI_Turaco_07	Flamingo	Cuckoo	1	1	1	1	true
SI_Turaco_07	Dove	Sandgrouse	1	1	0	0.5	false
SI_Turaco_07	Dove	Turaco	1	1	1	1	true
SI_Turaco_07	Dove	Cuckoo	1	1	0	0.5	false
SI_Turaco_07	Sandgrouse	Turaco	1	1	0	0.5	false
SI_Turaco_07	Sandgrouse	Cuckoo	1	1	1	1	true
SI_Turaco_07	Turaco	Cuckoo	1	1	0	0.5	false
SI_Cuckoo_01	Stork	Flamingo	0	0	0	0	false
SI_Cuckoo_01	Stork	Dove	1	1	1	1	true
SI_Cuckoo_01	Stork	Sandgrouse	1	1	1	1	true
SI_Cuckoo_01	Stork	Turaco	1	1	1	1	true
SI_Cuckoo_01	Stork	Cuckoo	0	0	0	0	false
SI_Cuckoo_01	Flamingo	Dove	0	0	0	0	false
SI_Cuckoo_01	Flamingo	Sandgrouse	0	0	0	0	false
SI_Cuckoo_01	Flamingo	Turaco	0	0	0	0	false
SI_Cuckoo_01	Flamingo	Cuckoo	0	0	0	0	false
SI_Cuckoo_01	Dove	Sandgrouse	1	1	1	1	true
SI_Cuckoo_01	Dove	Turaco	1	1	1	1	true
SI_Cuckoo_01	Dove	Cuckoo	0	0	0	0	false
SI_Cuckoo_01	Sandgrouse	Turaco	1	1	1	1	true
SI_Cuckoo_01	Sandgrouse	Cuckoo	0	0	0	0	false
SI_Cuckoo_01	Turaco	Cuckoo	0	0	0	0	false
SI_Cuckoo_02	Stork	Flamingo	1	1	0	0.5	false
SI_Cuckoo_02	Stork	Dove	1	1	1	1	true
SI_Cuckoo_02	Stork	Sandgrouse	1	1	1	1	true
SI_Cuckoo_02	Stork	Turaco	1	1	1	1	true
SI_Cuckoo_02	Stork	Cuckoo	1	1	0	0.5	false
SI_Cuckoo_02	Flamingo	Dove	1	1	0	0.5	false
SI_Cuckoo_02	Flamingo	Sandgrouse	1	1	0	0.5	false
SI_Cuckoo_02	Flamingo	Turaco	1	1	0	0.5	false
SI_Cuckoo_02	Flamingo	Cuckoo	1	1	1	1	true
SI_Cuckoo_02	Dove	Sandgrouse	1	1	1	1	true
SI_Cuckoo_02	Dove	Turaco	1	1	1	1	true
SI_Cuckoo_02	Dove	Cuckoo	1	1	0	0.5	false
SI_Cuckoo_02	Sandgrouse	Turaco	1	1	1	1	true
SI_Cuckoo_02	Sandgrouse	Cuckoo	1	1	0	0.5	false
SI_Cuckoo_02	Turaco	Cuckoo	1	1	0	0.5	false
SI_Cuckoo_03	Stork	Flamingo	0	0	0	0	false
SI_Cuckoo_03	Stork	Dove	0	0	0	0	false
SI_Cuckoo_03	Stork	Sandgrouse	1	1	1	1	true
SI_Cuckoo_03	Stork	Turaco	1	1	1	1	true
SI_Cuckoo_03	Stork	Cuckoo	0	0	0	0	false
SI_Cuckoo_03	Flamingo	Dove	0	0	0	0	false
SI_Cuckoo_03	Flamingo	Sandgrouse	0	0	0	0	false
SI_Cuckoo_03	Flamingo	Turaco	0	0	0	0	false
SI_Cuckoo_03	Flamingo	Cuckoo	0	0	0	0	false
SI_Cuckoo_03	Dove	Sandgrouse	0	0	0	0	false
SI_Cuckoo_03	Dove	Turaco	0	0	0	0	false
SI_Cuckoo_03	Dove	Cuckoo	0	0	0	0	false
SI_Cuckoo_03	Sandgrouse	Turaco	1	1	1	1	true
SI_Cuckoo_03	Sandgrouse	Cuckoo	0	0	0	0	false
SI_Cuckoo_03	Turaco	Cuckoo	0	0	0	0	false
SI_Cuckoo_04	Stork	Flamingo	3	0.333333333333	0.333333333333	0.333333333333	false
SI_Cuckoo_04	Stork	Dove	2	0.5	1	0.75	false
SI_Cuckoo_04	Stork	Sandgrouse	3	0.333333333333	0.666666666667	0.5	false
SI_Cuckoo_04	Stork	Turaco	3	0	1	0.5	false
SI_Cuckoo_04	Stork	Cuckoo	3	0.333333333333	0.666666666667	0.5	false
SI_Cuckoo_04	Flamingo	Dove	3	0	0	0	false
SI_Cuckoo_04	Flamingo	Sandgrouse	4	0	0.5	0.25	false
SI_Cuckoo_04	Flamingo	Turaco	4	0.25	0.25	0.25	false
SI_Cuckoo_04	Flamingo	Cuckoo	4	0.5	0.5	0.5	false
SI_Cuckoo_04	Dove	Sandgrouse	3	0	0.666666666667	0.333333333333	false
SI_Cuckoo_04	Dove	Turaco	3	0	1	0.5	false
SI_Cuckoo_04	Dove	Cuckoo	3	0	0.666666666667	0.333333333333	false
SI_Cuckoo_04	Sandgrouse	Turaco	4	0.25	0.75	0.5	false
SI_Cuckoo_04	Sandgrouse	Cuckoo	4	0.25	1	0.625	false
SI_Cuckoo_04	Turaco	Cuckoo	4	0.5	0.75	0.625	false
SI_Cuckoo_05	Stork	Flamingo	2	1	0	0.5	false
SI_Cuckoo_05	Stork	Dove	2	0	1	0.5	false
SI_Cuckoo_05	Stork	Sandgrouse	2	0	0.5	0.25	false
SI_Cuckoo_05	Stork	Turaco	2	0	1	0.5	false
SI_Cuckoo_05	Stork	Cuckoo	2	1	0.5	0.75	false
SI_Cuckoo_05	Flamingo	Dove	2	0	0	0	false
SI_Cuckoo_05	Flamingo	Sandgrouse	2	0	0.5	0.25	false
SI_Cuckoo_05	Flamingo	Turaco	2	0	0	0	false
SI_Cuckoo_05	Flamingo	Cuckoo	2	1	0.5	0.75	false
SI_Cuckoo_05	Dove	Sandgrouse	2	0.5	0.5	0.5	false
SI_Cuckoo_05	Dove	Turaco	2	1	1	1	true
SI_Cuckoo_05	Dove	Cuckoo	2	0	0.5	0.25	false
SI_Cuckoo_05	Sandgrouse	Turaco	2	0.5	0.5	0.5	false
SI_Cuckoo_05	Sandgrouse	Cuckoo	2	0	1	0.5	false
SI_Cuckoo_05	Turaco	Cuckoo	2	0	0.5	0.25	false
SI_Cuckoo_06	Stork	Flamingo	1	1	0	0.5	false
SI_Cuckoo_06	Stork	Dove	1	1	1	1	true
SI_Cuckoo_06	Stork	Sandgrouse	1	1	0	0.5	false
SI_Cuckoo_06	Stork	Turaco	1	1	1	1	true
SI_Cuckoo_06	Stork	Cuckoo	1	1	0	0.5	false
SI_Cuckoo_06	Flamingo	Dove	1	1	0	0.5	false
SI_Cuckoo_06	Flamingo	Sandgrouse	1	1	1	1	true
SI_Cuckoo_06	Flamingo	Turaco	1	1	0	0.5	false
SI_Cuckoo_06	Flamingo	Cuckoo	1	1	1	1	true
SI_Cuckoo_06	Dove	Sandgrouse	1	1	0	0.5	false
SI_Cuckoo_06	Dove	Turaco	1	1	1	1	true
SI_Cuckoo_06	Dove	Cuckoo	1	1	0	0.5	false
SI_Cuckoo_06	Sandgrouse	Turaco	1	1	0	0.5	false
SI_Cuckoo_06	Sandgrouse	Cuckoo	1	1	1	1	true
SI_Cuckoo_06	Turaco	Cuckoo	1	1	0	0.5	false
