clade	method	change_point_id	position	score	left_q1	left_q2	left_q3	right_q1	right_q2	right_q3	delta_q1	delta_q2	delta_q3	dominant_topology_left	dominant_topology_right	cluster_min_position	cluster_max_position	cluster_span_bp	n_raw_change_points	contributing_raw_change_point_ids
Columbea	rolling	Columbea_rolling_raw_001	17835000	0.28163798735	0.433346934275	0.19182466572	0.374828400005	0.282852438534	0.417649245958	0.299498315509	-0.150494495741	0.225824580238	-0.0753300844967	q1	q2					
Columbea	rolling	Columbea_rolling_raw_002	24255000	0.278826066889	0.414039192742	0.340273999647	0.245686807612	0.641227941344	0.213993326845	0.14477873181	0.227188748603	-0.126280672801	-0.100908075801	q1	q1					
Columbea	rolling	Columbea_rolling_raw_003	24685000	0.460126340455	0.403326204233	0.337611720819	0.259062074949	0.778719439714	0.136951166314	0.0843293939725	0.375393235481	-0.200660554505	-0.174732680976	q1	q1					
Columbea	rolling	Columbea_rolling_raw_004	24735000	0.522197374582	0.39332479605	0.347351784495	0.259323419455	0.818719439714	0.109662526626	0.0716180336605	0.425394643664	-0.237689257869	-0.187705385795	q1	q1					
Columbea	rolling	Columbea_rolling_raw_005	24795000	0.625116491507	0.379815624061	0.387134614512	0.233049761427	0.88005403635	0.0492289508148	0.070717012835	0.500238412289	-0.337905663698	-0.162332748592	q2	q1					
Columbea	rolling	Columbea_rolling_raw_006	25035000	0.732385211143	0.376754249226	0.36322025953	0.260025491244	0.971099787334	0.00895909630734	0.0199411163587	0.594345538108	-0.354261163223	-0.240084374886	q1	q1					
Columbea	rolling	Columbea_rolling_raw_007	32135000	0.626028733842	0.924752126067	0.0616280038894	0.0136198700437	0.413996071766	0.299622776342	0.286381151893	-0.510756054301	0.237994772452	0.272761281849	q1	q1					
Columbea	rolling	Columbea_rolling_raw_008	32195000	0.714831293769	0.932674831381	0.0576908058218	0.00963436279729	0.350246381965	0.316122180453	0.333631437582	-0.582428449416	0.258431374631	0.323997074785	q1	q1					
Columbea	rolling	Columbea_rolling_raw_009	32675000	0.691235577972	0.912674831381	0.0776908058218	0.00963436279729	0.350460435013	0.315908127405	0.333631437582	-0.562214396368	0.238217321583	0.323997074785	q1	q1					
Columbea	rolling	Columbea_rolling_raw_010	32725000	0.691235577972	0.912674831381	0.0776908058218	0.00963436279729	0.350460435013	0.315908127405	0.333631437582	-0.562214396368	0.238217321583	0.323997074785	q1	q1					
Columbea	rolling	Columbea_rolling_raw_011	32815000	0.473527773448	0.848510590641	0.0783836758048	0.0731057335537	0.461930320055	0.277245786353	0.260823893592	-0.386580270587	0.198862110548	0.187718160038	q1	q1					
Columbea	rolling	Columbea_rolling_raw_012	33465000	0.709222105132	0.350246381965	0.316122180453	0.333631437582	0.928848745276	0.0471305059881	0.0240207487359	0.578602363311	-0.268991674464	-0.309610688847	q1	q1					
Columbea	rolling	Columbea_rolling_raw_013	34505000	0.805597475788	0.937344364852	0.0374177669359	0.0252378682117	0.279929156079	0.34748190187	0.372588942051	-0.657415208773	0.310064134934	0.347351073839	q1	q3					
Columbea	rolling	Columbea_rolling_raw_014	34705000	0.715071382616	0.853598081759	0.0608325928214	0.0855693254197	0.270048195892	0.368907509594	0.361044294514	-0.583549885867	0.308074916772	0.275474969094	q1	q2					
Columbea	rolling	Columbea_rolling_raw_015	34905000	0.448138029627	0.667289358585	0.182841361962	0.149869279453	0.307608541641	0.304491313823	0.387900144536	-0.359680816945	0.121649951862	0.238030865083	q1	q3					
Columbea	rolling	Columbea_rolling_raw_016	34975000	0.416935199584	0.631710164025	0.199431526937	0.168858309038	0.298322486919	0.30648500255	0.395192510531	-0.333387677106	0.107053475612	0.226334201493	q1	q3					
Columbea	rolling	Columbea_rolling_raw_017	35005000	0.396021439208	0.594955792374	0.215651831476	0.189392376151	0.277541382502	0.320949678987	0.401508938511	-0.317414409872	0.105297847511	0.21211656236	q1	q3					
Columbea	rolling	Columbea_rolling_raw_018	35045000	0.328570387631	0.545906871343	0.221842464787	0.23225066387	0.278519378589	0.336636572195	0.384844049216	-0.267387492754	0.114794107408	0.152593385346	q1	q3					
Columbea	rolling	Columbea_rolling_raw_019	43615000	0.304911954337	0.320465123983	0.400052345462	0.279482530555	0.563475619586	0.231695478491	0.204828901923	0.243010495603	-0.168356866972	-0.0746536286311	q2	q1					
Columbea	rolling	Columbea_rolling_raw_020	43725000	0.521242730852	0.293143453802	0.425543078875	0.281313467323	0.714177880068	0.161225297371	0.12459682256	0.421034426267	-0.264317781504	-0.156716644763	q2	q1					
Columbea	rolling	Columbea_rolling_raw_021	43855000	0.618998037659	0.298687604708	0.413220079558	0.288092315734	0.800421879481	0.109662113259	0.0899160072608	0.501734274772	-0.3035579663	-0.198176308473	q2	q1					
Columbea	rolling	Columbea_rolling_raw_022	44015000	0.722651265937	0.321449190008	0.42103229512	0.257518514871	0.905795329721	0.0580276092131	0.0361770610659	0.584346139713	-0.363004685907	-0.221341453805	q2	q1					
Columbea	rolling	Columbea_rolling_raw_023	44045000	0.754728143969	0.331684805377	0.417048405238	0.251266789386	0.941403337729	0.0347955403021	0.0238011219689	0.609718532352	-0.382252864936	-0.227465667417	q2	q1					
Columbea	rolling	Columbea_rolling_raw_024	44135000	0.814818138841	0.323372264407	0.430240555172	0.24638718042	0.980555555556	0.0119444444444	0.0075	0.657183291148	-0.418296110728	-0.23888718042	q2	q1					
Columbea	rolling	Columbea_rolling_raw_025	48185000	0.351444098898	0.985476190476	0.0145238095238	0	0.698535132108	0.155736221795	0.145728646097	-0.286941058368	0.141212412272	0.145728646097	q1	q1					
Columbea	rolling	Columbea_rolling_raw_026	48205000	0.351444098898	0.985476190476	0.0145238095238	0	0.698535132108	0.155736221795	0.145728646097	-0.286941058368	0.141212412272	0.145728646097	q1	q1					
Columbea	rolling	Columbea_rolling_raw_027	48215000	0.351444098898	0.985476190476	0.0145238095238	0	0.698535132108	0.155736221795	0.145728646097	-0.286941058368	0.141212412272	0.145728646097	q1	q1					
Columbea	rolling	Columbea_rolling_raw_028	48225000	0.351444098898	0.985476190476	0.0145238095238	0	0.698535132108	0.155736221795	0.145728646097	-0.286941058368	0.141212412272	0.145728646097	q1	q1					
Columbea	rolling	Columbea_rolling_raw_029	48255000	0.351444098898	0.985476190476	0.0145238095238	0	0.698535132108	0.155736221795	0.145728646097	-0.286941058368	0.141212412272	0.145728646097	q1	q1					
Columbea	rolling	Columbea_rolling_raw_030	48265000	0.351444098898	0.985476190476	0.0145238095238	0	0.698535132108	0.155736221795	0.145728646097	-0.286941058368	0.141212412272	0.145728646097	q1	q1					
Columbea	rolling	Columbea_rolling_raw_031	48275000	0.351444098898	0.985476190476	0.0145238095238	0	0.698535132108	0.155736221795	0.145728646097	-0.286941058368	0.141212412272	0.145728646097	q1	q1					
Columbea	rolling	Columbea_rolling_raw_032	48285000	0.351444098898	0.985476190476	0.0145238095238	0	0.698535132108	0.155736221795	0.145728646097	-0.286941058368	0.141212412272	0.145728646097	q1	q1					
Columbea	rolling	Columbea_rolling_raw_033	48305000	0.354930799511	0.988333333333	0.0116666666667	0	0.698535132108	0.155736221795	0.145728646097	-0.289798201226	0.144069555129	0.145728646097	q1	q1					
Columbea	rolling	Columbea_rolling_raw_034	48315000	0.354930799511	0.988333333333	0.0116666666667	0	0.698535132108	0.155736221795	0.145728646097	-0.289798201226	0.144069555129	0.145728646097	q1	q1					
Columbea	rolling	Columbea_rolling_raw_035	48325000	0.354930799511	0.988333333333	0.0116666666667	0	0.698535132108	0.155736221795	0.145728646097	-0.289798201226	0.144069555129	0.145728646097	q1	q1					
Columbea	rolling	Columbea_rolling_raw_036	48335000	0.354930799511	0.988333333333	0.0116666666667	0	0.698535132108	0.155736221795	0.145728646097	-0.289798201226	0.144069555129	0.145728646097	q1	q1					
Columbea	rolling	Columbea_rolling_raw_037	48345000	0.354930799511	0.988333333333	0.0116666666667	0	0.698535132108	0.155736221795	0.145728646097	-0.289798201226	0.144069555129	0.145728646097	q1	q1					
Columbea	rolling	Columbea_rolling_raw_038	48355000	0.354930799511	0.988333333333	0.0116666666667	0	0.698535132108	0.155736221795	0.145728646097	-0.289798201226	0.144069555129	0.145728646097	q1	q1					
Columbea	rolling	Columbea_rolling_raw_039	48365000	0.354930799511	0.988333333333	0.0116666666667	0	0.698535132108	0.155736221795	0.145728646097	-0.289798201226	0.144069555129	0.145728646097	q1	q1					
Columbea	rolling	Columbea_rolling_raw_040	48395000	0.357650737626	0.992777777778	0.00722222222222	0	0.70075735433	0.153513999573	0.145728646097	-0.292020423448	0.146291777351	0.145728646097	q1	q1					
Columbea	rolling	Columbea_rolling_raw_041	48405000	0.357650737626	0.992777777778	0.00722222222222	0	0.70075735433	0.153513999573	0.145728646097	-0.292020423448	0.146291777351	0.145728646097	q1	q1					
Columbea	rolling	Columbea_rolling_raw_042	48415000	0.357650737626	0.992777777778	0.00722222222222	0	0.70075735433	0.153513999573	0.145728646097	-0.292020423448	0.146291777351	0.145728646097	q1	q1					
Columbea	rolling	Columbea_rolling_raw_043	48425000	0.357650737626	0.992777777778	0.00722222222222	0	0.70075735433	0.153513999573	0.145728646097	-0.292020423448	0.146291777351	0.145728646097	q1	q1					
Columbea	rolling	Columbea_rolling_raw_044	48485000	0.366251182725	0.992777777778	0.00722222222222	0	0.693734969544	0.15662719303	0.149637837426	-0.299042808234	0.149404970807	0.149637837426	q1	q1					
Columbea	rolling	Columbea_rolling_raw_045	48495000	0.366251182725	0.992777777778	0.00722222222222	0	0.693734969544	0.15662719303	0.149637837426	-0.299042808234	0.149404970807	0.149637837426	q1	q1					
Columbea	rolling	Columbea_rolling_raw_046	48565000	0.366251182725	0.992777777778	0.00722222222222	0	0.693734969544	0.15662719303	0.149637837426	-0.299042808234	0.149404970807	0.149637837426	q1	q1					
Columbea	rolling	Columbea_rolling_raw_047	48625000	0.368975482425	0.992777777778	0.00722222222222	0	0.691512747322	0.158849415252	0.149637837426	-0.301265030456	0.15162719303	0.149637837426	q1	q1					
Columbea	rolling	Columbea_rolling_raw_048	49055000	0.337435041722	0.698535132108	0.155736221795	0.145728646097	0.974009361246	0.0220814474247	0.00390919132926	0.275474229138	-0.133654774371	-0.141819454768	q1	q1					
Columbea	rolling	Columbea_rolling_raw_049	49085000	0.337435041722	0.698535132108	0.155736221795	0.145728646097	0.974009361246	0.0220814474247	0.00390919132926	0.275474229138	-0.133654774371	-0.141819454768	q1	q1					
Columbea	rolling	Columbea_rolling_raw_050	49095000	0.337435041722	0.698535132108	0.155736221795	0.145728646097	0.974009361246	0.0220814474247	0.00390919132926	0.275474229138	-0.133654774371	-0.141819454768	q1	q1					
Columbea	rolling	Columbea_rolling_raw_051	49105000	0.337435041722	0.698535132108	0.155736221795	0.145728646097	0.974009361246	0.0220814474247	0.00390919132926	0.275474229138	-0.133654774371	-0.141819454768	q1	q1					
Columbea	rolling	Columbea_rolling_raw_052	49115000	0.337435041722	0.698535132108	0.155736221795	0.145728646097	0.974009361246	0.0220814474247	0.00390919132926	0.275474229138	-0.133654774371	-0.141819454768	q1	q1					
Columbea	rolling	Columbea_rolling_raw_053	49125000	0.337435041722	0.698535132108	0.155736221795	0.145728646097	0.974009361246	0.0220814474247	0.00390919132926	0.275474229138	-0.133654774371	-0.141819454768	q1	q1					
Columbea	rolling	Columbea_rolling_raw_054	49145000	0.337435041722	0.698535132108	0.155736221795	0.145728646097	0.974009361246	0.0220814474247	0.00390919132926	0.275474229138	-0.133654774371	-0.141819454768	q1	q1					
Columbea	rolling	Columbea_rolling_raw_055	49325000	0.305104714831	0.698535132108	0.155736221795	0.145728646097	0.947342694579	0.0420814474247	0.0105758579959	0.248807562472	-0.113654774371	-0.135152788101	q1	q1					
Columbea	rolling	Columbea_rolling_raw_056	49335000	0.305104714831	0.698535132108	0.155736221795	0.145728646097	0.947342694579	0.0420814474247	0.0105758579959	0.248807562472	-0.113654774371	-0.135152788101	q1	q1					
Columbea	rolling	Columbea_rolling_raw_057	49395000	0.305104714831	0.698535132108	0.155736221795	0.145728646097	0.947342694579	0.0420814474247	0.0105758579959	0.248807562472	-0.113654774371	-0.135152788101	q1	q1					
Columbea	rolling	Columbea_rolling_raw_058	49515000	0.305104714831	0.698535132108	0.155736221795	0.145728646097	0.947342694579	0.0420814474247	0.0105758579959	0.248807562472	-0.113654774371	-0.135152788101	q1	q1					
Columbea	rolling	Columbea_rolling_raw_059	49525000	0.305104714831	0.698535132108	0.155736221795	0.145728646097	0.947342694579	0.0420814474247	0.0105758579959	0.248807562472	-0.113654774371	-0.135152788101	q1	q1					
Columbea	rolling	Columbea_rolling_raw_060	49565000	0.305104714831	0.698535132108	0.155736221795	0.145728646097	0.947342694579	0.0420814474247	0.0105758579959	0.248807562472	-0.113654774371	-0.135152788101	q1	q1					
Columbea	rolling	Columbea_rolling_raw_061	49585000	0.302469535385	0.70075735433	0.153513999573	0.145728646097	0.947342694579	0.0420814474247	0.0105758579959	0.246585340249	-0.111432552148	-0.135152788101	q1	q1					
Columbea	rolling	Columbea_rolling_raw_062	49605000	0.290736069293	0.70075735433	0.153513999573	0.145728646097	0.937342694579	0.0520814474247	0.0105758579959	0.236585340249	-0.101432552148	-0.135152788101	q1	q1					
Columbea	rolling	Columbea_rolling_raw_063	49615000	0.290736069293	0.70075735433	0.153513999573	0.145728646097	0.937342694579	0.0520814474247	0.0105758579959	0.236585340249	-0.101432552148	-0.135152788101	q1	q1					
Columbea	rolling	Columbea_rolling_raw_064	49625000	0.290736069293	0.70075735433	0.153513999573	0.145728646097	0.937342694579	0.0520814474247	0.0105758579959	0.236585340249	-0.101432552148	-0.135152788101	q1	q1					
Columbea	rolling	Columbea_rolling_raw_065	49875000	0.307971840883	0.693734969544	0.15662719303	0.149637837426	0.944365079365	0.0489682539682	0.00666666666666	0.250630109821	-0.107658939061	-0.14297117076	q1	q1					
Columbea	rolling	Columbea_rolling_raw_066	49895000	0.307971840883	0.693734969544	0.15662719303	0.149637837426	0.944365079365	0.0489682539682	0.00666666666666	0.250630109821	-0.107658939061	-0.14297117076	q1	q1					
Columbea	rolling	Columbea_rolling_raw_067	49985000	0.307971840883	0.693734969544	0.15662719303	0.149637837426	0.944365079365	0.0489682539682	0.00666666666666	0.250630109821	-0.107658939061	-0.14297117076	q1	q1					
Columbea	rolling	Columbea_rolling_raw_068	50005000	0.313162821062	0.691512747322	0.158849415252	0.149637837426	0.946587301587	0.046746031746	0.00666666666666	0.255074554265	-0.112103383506	-0.14297117076	q1	q1					
Columbea	rolling	Columbea_rolling_raw_069	56215000	0.284529954404	0.951111111111	0.0422222222222	0.00666666666666	0.718876937667	0.152943570804	0.128179491529	-0.232234173444	0.110721348582	0.121512824862	q1	q1					
Columbea	rolling	Columbea_rolling_raw_070	56275000	0.301970589077	0.931111111111	0.0622222222222	0.00666666666666	0.688245981842	0.14683746658	0.164916551578	-0.242865129269	0.0846152443577	0.158249884912	q1	q1					
Columbea	rolling	Columbea_rolling_raw_071	56645000	0.637445430468	0.942222222222	0.0377777777778	0.02	0.422170898679	0.279684276399	0.298144824921	-0.520051323543	0.241906498621	0.278144824921	q1	q1					
Columbea	rolling	Columbea_rolling_raw_072	56735000	0.622959503959	0.922222222222	0.0377777777778	0.04	0.413596440595	0.295849988295	0.29055357111	-0.508625781627	0.258072210517	0.25055357111	q1	q1					
Columbea	rolling	Columbea_rolling_raw_073	56825000	0.650236252395	0.902222222222	0.0577777777778	0.04	0.371405130784	0.314326101066	0.31426876815	-0.530817091439	0.256548323289	0.27426876815	q1	q1					
Columbea	rolling	Columbea_rolling_raw_074	56935000	0.489851731648	0.78955449388	0.116190104551	0.0942554015693	0.391873685449	0.278086761615	0.330039552936	-0.397680808431	0.161896657064	0.235784151366	q1	q1					
Columbea	rolling	Columbea_rolling_raw_075	56955000	0.468167468283	0.761339440116	0.141881860823	0.0967786990603	0.38391889623	0.278097476191	0.337983627579	-0.377420543886	0.136215615368	0.241204928518	q1	q1					
Columbea	rolling	Columbea_rolling_raw_076	56995000	0.406600332546	0.721772560562	0.134694412555	0.143533026882	0.389816370755	0.296706243514	0.313477385731	-0.331956189807	0.162011830959	0.169944358848	q1	q1					
Columbea	rolling	Columbea_rolling_raw_077	57045000	0.396179434779	0.688984333096	0.151640333963	0.15937533294	0.365724944278	0.323594655544	0.310680400178	-0.323259388819	0.171954321581	0.151305067238	q1	q1					
Columbea	rolling	Columbea_rolling_raw_078	57065000	0.388195591564	0.679600617397	0.152221380597	0.168178002006	0.363239967094	0.327279586539	0.309480446367	-0.316360650303	0.175058205941	0.141302444361	q1	q1					
Columbea	binary_segmentation	Columbea_binary_segmentation_raw_001	25025000	73.4081862381	0.337121915054	0.348706495938	0.314171589008	0.596014324861	0.212644616418	0.191341058721	0.258892409807	-0.136061879519	-0.122830530288	q2	q1					
Columbea	binary_segmentation	Columbea_binary_segmentation_raw_002	34505000	143.517790965	0.880037810954	0.0631756860505	0.0567865029954	0.336323722362	0.34930823222	0.314368045418	-0.543714088592	0.286132546169	0.257581542423	q1	q2					
Columbea	binary_segmentation	Columbea_binary_segmentation_raw_003	44135000	230.850910663	0.450283656406	0.289233917234	0.26048242636	0.943400251407	0.0317054678856	0.0248942807072	0.493116595001	-0.257528449348	-0.235588145653	q1	q1					
Columbea	binary_segmentation	Columbea_binary_segmentation_raw_004	56825000	88.5804297461	0.555474885481	0.234298158869	0.21022695565	0.35287784107	0.336038248951	0.311083909979	-0.20259704441	0.101740090082	0.100856954329	q1	q1					
N61	rolling	N61_rolling_raw_001	24255000	0.308498791062	0.327998567177	0.372957259502	0.299044173321	0.163205627102	0.620333174378	0.21646119852	-0.164792940076	0.247375914877	-0.0825829748009	q2	q2					
N61	rolling	N61_rolling_raw_002	24395000	0.529945722477	0.350583816858	0.334160984579	0.315255198562	0.0933320391431	0.764096309952	0.142571650905	-0.257251777715	0.429935325372	-0.172683547657	q1	q2					
N61	rolling	N61_rolling_raw_003	24915000	0.73271249198	0.346013112145	0.318938141098	0.335048746758	0.0333803488666	0.916989018159	0.0496306329746	-0.312632763278	0.598050877061	-0.285418113783	q1	q2					
N61	rolling	N61_rolling_raw_004	25015000	0.750171667965	0.334790633925	0.322971445139	0.342237920936	0.036193707671	0.935420717866	0.0283855744633	-0.298596926254	0.612449272726	-0.313852346472	q3	q2					
N61	rolling	N61_rolling_raw_005	25175000	0.558733014455	0.243872856422	0.497260836345	0.258866307233	0.0299155764765	0.953177869862	0.016906553661	-0.213957279946	0.455917033518	-0.241959753572	q2	q2					
N61	rolling	N61_rolling_raw_006	25215000	0.527171480026	0.204032728749	0.534851941794	0.261115329456	0.0273530599552	0.963108097736	0.00953884230901	-0.176679668794	0.428256155941	-0.251576487147	q2	q2					
N61	rolling	N61_rolling_raw_007	25395000	0.229197745418	0.0976463994154	0.763691137627	0.138662462958	0.0303648336337	0.948562527313	0.0210726390531	-0.0672815657816	0.184871389687	-0.117589823905	q2	q2					
N61	rolling	N61_rolling_raw_008	25405000	0.229197745418	0.0976463994154	0.763691137627	0.138662462958	0.0303648336337	0.948562527313	0.0210726390531	-0.0672815657816	0.184871389687	-0.117589823905	q2	q2					
N61	rolling	N61_rolling_raw_009	28615000	0.272340985532	0.046670415184	0.929888898802	0.023440686014	0.233573151054	0.732104737875	0.0343221110701	0.186902735871	-0.197784160927	0.0108814250562	q2	q2					
N61	rolling	N61_rolling_raw_010	28645000	0.30018971701	0.0402739452156	0.936222012606	0.0235040421783	0.237183666472	0.711367569877	0.0514487636512	0.196909721256	-0.224854442729	0.0279447214728	q2	q2					
N61	rolling	N61_rolling_raw_011	28665000	0.314681745672	0.0303331168132	0.946715109253	0.0229517739338	0.237183666472	0.711297644848	0.05151868868	0.206850549659	-0.235417464405	0.0285669147462	q2	q2					
N61	rolling	N61_rolling_raw_012	28745000	0.306787074005	0.0326435861273	0.943216398577	0.0241400152953	0.23489484218	0.71410648848	0.0509986693404	0.202251256052	-0.229109910097	0.0268586540451	q2	q2					
N61	rolling	N61_rolling_raw_013	28945000	0.236241617207	0.0594468379712	0.931159454337	0.00939370769142	0.205764473009	0.749150220613	0.0450853063784	0.146317635037	-0.182009233725	0.035691598687	q2	q2					
N61	rolling	N61_rolling_raw_014	28955000	0.236241617207	0.0594468379712	0.931159454337	0.00939370769142	0.205764473009	0.749150220613	0.0450853063784	0.146317635037	-0.182009233725	0.035691598687	q2	q2					
N61	rolling	N61_rolling_raw_015	29725000	0.314470268323	0.237183666472	0.711367569877	0.0514487636512	0.0304346996675	0.94660153672	0.0229637636122	-0.206748966805	0.235233966844	-0.028485000039	q2	q2					
N61	rolling	N61_rolling_raw_016	29765000	0.286800411036	0.23489484218	0.71410648848	0.0509986693404	0.0418269320585	0.925404655934	0.0327684120074	-0.193067910121	0.211298167454	-0.018230257333	q2	q2					
N61	rolling	N61_rolling_raw_017	29805000	0.248263156027	0.205764473009	0.749150220613	0.0450853063784	0.0366987269303	0.930532861062	0.0327684120074	-0.169065746078	0.181382640449	-0.012316894371	q2	q2					
N61	rolling	N61_rolling_raw_018	29815000	0.248263156027	0.205764473009	0.749150220613	0.0450853063784	0.0366987269303	0.930532861062	0.0327684120074	-0.169065746078	0.181382640449	-0.012316894371	q2	q2					
N61	rolling	N61_rolling_raw_019	29825000	0.248263156027	0.205764473009	0.749150220613	0.0450853063784	0.0366987269303	0.930532861062	0.0327684120074	-0.169065746078	0.181382640449	-0.012316894371	q2	q2					
N61	rolling	N61_rolling_raw_020	29835000	0.248263156027	0.205764473009	0.749150220613	0.0450853063784	0.0366987269303	0.930532861062	0.0327684120074	-0.169065746078	0.181382640449	-0.012316894371	q2	q2					
N61	rolling	N61_rolling_raw_021	30165000	0.216775532435	0.21079096563	0.753503118782	0.0357059155882	0.0475543515841	0.894376565727	0.0580690826893	-0.163236614046	0.140873446945	0.0223631671011	q2	q2					
N61	rolling	N61_rolling_raw_022	31985000	0.413694682353	0.100536819818	0.861172932659	0.0382902475234	0.228619863798	0.526451349551	0.244928786651	0.128083043981	-0.334721583108	0.206638539128	q2	q2					
N61	rolling	N61_rolling_raw_023	32725000	0.629477149725	0.0757499217323	0.881238085914	0.0430119923531	0.309256103142	0.367966536061	0.322777360797	0.233506181409	-0.513271549853	0.279765368444	q2	q2					
N61	rolling	N61_rolling_raw_024	33265000	0.260977219835	0.228619863798	0.526451349551	0.244928786651	0.122295544709	0.739538207044	0.138166248247	-0.10632431909	0.213086857493	-0.106762538404	q2	q2					
N61	rolling	N61_rolling_raw_025	33515000	0.616393933318	0.309256103142	0.367966536061	0.322777360797	0.0618655659596	0.871226268347	0.066908165693	-0.247390537182	0.503259732286	-0.255869195104	q2	q2					
N61	rolling	N61_rolling_raw_026	34505000	0.637440304897	0.0676111145822	0.870486406074	0.0619024793438	0.330876638208	0.350030394949	0.319092966844	0.263265523626	-0.520456011125	0.2571904875	q2	q2					
N61	rolling	N61_rolling_raw_027	34535000	0.649801225449	0.0618655659596	0.871226268347	0.066908165693	0.348759675716	0.341269648726	0.309970675558	0.286894109756	-0.529956619621	0.243062509865	q2	q1					
N61	rolling	N61_rolling_raw_028	34705000	0.567733038861	0.110612393257	0.804441916705	0.084945690038	0.349426370996	0.340961803726	0.309611825278	0.238813977739	-0.463480112979	0.22466613524	q2	q1					
N61	rolling	N61_rolling_raw_029	34745000	0.525452615552	0.122967755613	0.754446366007	0.12258587838	0.375568737957	0.327821411322	0.296609850721	0.252600982344	-0.426624954685	0.17402397234	q2	q1					
N61	rolling	N61_rolling_raw_030	34795000	0.514313305063	0.141832948477	0.706448985392	0.151718066131	0.41839309251	0.294499490655	0.287107416836	0.276560144032	-0.411949494737	0.135389350704	q2	q1					
N61	rolling	N61_rolling_raw_031	34905000	0.465719770548	0.168972975112	0.672864216159	0.158162808729	0.412003654759	0.298071323238	0.289925022003	0.243030679647	-0.37479289292	0.131762213273	q2	q1					
N61	rolling	N61_rolling_raw_032	34965000	0.435077391007	0.188829695946	0.654448821751	0.156721482303	0.401361776018	0.301669588786	0.296968635197	0.212532080071	-0.352779232965	0.140247152894	q2	q1					
N61	rolling	N61_rolling_raw_033	35415000	0.234156249519	0.252562479403	0.525391878886	0.222045641711	0.368347633404	0.335742240674	0.295910125922	0.115785154001	-0.189649638212	0.0738644842114	q2	q1					
N61	rolling	N61_rolling_raw_034	36535000	0.228080046981	0.391733556272	0.310897562851	0.297368880877	0.213612771026	0.447021670936	0.339365558038	-0.178120785245	0.136124108085	0.0419966771605	q1	q2					
N61	rolling	N61_rolling_raw_035	36575000	0.244955891432	0.386194559463	0.312319271178	0.301486169358	0.201918834689	0.471788681282	0.326292484029	-0.184275724774	0.159469410103	0.0248063146712	q1	q2					
N61	rolling	N61_rolling_raw_036	37215000	0.255034606191	0.201918834689	0.471788681282	0.326292484029	0.351128401198	0.271391592523	0.377480006279	0.14920956651	-0.200397088759	0.0511875222494	q2	q3					
N61	rolling	N61_rolling_raw_037	37245000	0.249776855417	0.212093993544	0.461142869723	0.326763136733	0.364686743381	0.267667877839	0.367645378779	0.152592749837	-0.193474991883	0.040882242046	q2	q3					
N61	rolling	N61_rolling_raw_038	43555000	0.355725212489	0.37715334316	0.257290644219	0.365556012621	0.25795414637	0.546267392769	0.195778460861	-0.11919919679	0.28897674855	-0.169777551761	q1	q2					
N61	rolling	N61_rolling_raw_039	43605000	0.360612670501	0.38134125219	0.268730073788	0.349928674022	0.247984021324	0.562746842188	0.189269136488	-0.133357230867	0.294016768401	-0.160659537534	q1	q2					
N61	rolling	N61_rolling_raw_040	43675000	0.498415939258	0.386694164136	0.268627661401	0.344678174463	0.176026858603	0.675496866031	0.148476275365	-0.210667305533	0.40686920463	-0.196201899098	q1	q2					
N61	rolling	N61_rolling_raw_041	44015000	0.810707448071	0.390715306378	0.273528045002	0.33575664862	0.0258442922024	0.934267995348	0.0398877124498	-0.364871014175	0.660739950346	-0.29586893617	q1	q2					
N61	rolling	N61_rolling_raw_042	44045000	0.829174349481	0.389402692124	0.292143635202	0.318453672674	0.0149496313821	0.96784097319	0.0172093954274	-0.374453060742	0.675697337989	-0.301244277247	q1	q2					
N61	rolling	N61_rolling_raw_043	44135000	0.849062889472	0.371611774006	0.306159052834	0.32222917316	0.000298430666323	0.998815424635	0.000886144698854	-0.37131334334	0.692656371801	-0.321343028461	q1	q2					
N61	rolling	N61_rolling_raw_044	48185000	0.233499229414	0.00357392974381	0.979397707166	0.0170283630901	0.105894949381	0.788921901081	0.105183149538	0.102321019637	-0.190475806085	0.0881547864474	q2	q2					
N61	rolling	N61_rolling_raw_045	48205000	0.233499229414	0.00357392974381	0.979397707166	0.0170283630901	0.105894949381	0.788921901081	0.105183149538	0.102321019637	-0.190475806085	0.0881547864474	q2	q2					
N61	rolling	N61_rolling_raw_046	48215000	0.233499229414	0.00357392974381	0.979397707166	0.0170283630901	0.105894949381	0.788921901081	0.105183149538	0.102321019637	-0.190475806085	0.0881547864474	q2	q2					
N61	rolling	N61_rolling_raw_047	48225000	0.233499229414	0.00357392974381	0.979397707166	0.0170283630901	0.105894949381	0.788921901081	0.105183149538	0.102321019637	-0.190475806085	0.0881547864474	q2	q2					
N61	rolling	N61_rolling_raw_048	48255000	0.233499229414	0.00357392974381	0.979397707166	0.0170283630901	0.105894949381	0.788921901081	0.105183149538	0.102321019637	-0.190475806085	0.0881547864474	q2	q2					
N61	rolling	N61_rolling_raw_049	48265000	0.233499229414	0.00357392974381	0.979397707166	0.0170283630901	0.105894949381	0.788921901081	0.105183149538	0.102321019637	-0.190475806085	0.0881547864474	q2	q2					
N61	rolling	N61_rolling_raw_050	48275000	0.233499229414	0.00357392974381	0.979397707166	0.0170283630901	0.105894949381	0.788921901081	0.105183149538	0.102321019637	-0.190475806085	0.0881547864474	q2	q2					
N61	rolling	N61_rolling_raw_051	48295000	0.236921811289	0.0031548335339	0.982240272764	0.0146048937024	0.105894949381	0.788921901081	0.105183149538	0.102740115847	-0.193318371682	0.0905782558352	q2	q2					
N61	rolling	N61_rolling_raw_052	48305000	0.236921811289	0.0031548335339	0.982240272764	0.0146048937024	0.105894949381	0.788921901081	0.105183149538	0.102740115847	-0.193318371682	0.0905782558352	q2	q2					
N61	rolling	N61_rolling_raw_053	48315000	0.236921811289	0.0031548335339	0.982240272764	0.0146048937024	0.105894949381	0.788921901081	0.105183149538	0.102740115847	-0.193318371682	0.0905782558352	q2	q2					
N61	rolling	N61_rolling_raw_054	48325000	0.236921811289	0.0031548335339	0.982240272764	0.0146048937024	0.105894949381	0.788921901081	0.105183149538	0.102740115847	-0.193318371682	0.0905782558352	q2	q2					
N61	rolling	N61_rolling_raw_055	48335000	0.236921811289	0.0031548335339	0.982240272764	0.0146048937024	0.105894949381	0.788921901081	0.105183149538	0.102740115847	-0.193318371682	0.0905782558352	q2	q2					
N61	rolling	N61_rolling_raw_056	48345000	0.236921811289	0.0031548335339	0.982240272764	0.0146048937024	0.105894949381	0.788921901081	0.105183149538	0.102740115847	-0.193318371682	0.0905782558352	q2	q2					
N61	rolling	N61_rolling_raw_057	48355000	0.236921811289	0.0031548335339	0.982240272764	0.0146048937024	0.105894949381	0.788921901081	0.105183149538	0.102740115847	-0.193318371682	0.0905782558352	q2	q2					
N61	rolling	N61_rolling_raw_058	48365000	0.236921811289	0.0031548335339	0.982240272764	0.0146048937024	0.105894949381	0.788921901081	0.105183149538	0.102740115847	-0.193318371682	0.0905782558352	q2	q2					
N61	rolling	N61_rolling_raw_059	48375000	0.236921811289	0.0031548335339	0.982240272764	0.0146048937024	0.105894949381	0.788921901081	0.105183149538	0.102740115847	-0.193318371682	0.0905782558352	q2	q2					
N61	rolling	N61_rolling_raw_060	48395000	0.253196177288	0.0031548335339	0.982240272764	0.0146048937024	0.108474881354	0.775518839857	0.116006278789	0.10532004782	-0.206721432907	0.101401385087	q2	q2					
N61	rolling	N61_rolling_raw_061	48405000	0.253196177288	0.0031548335339	0.982240272764	0.0146048937024	0.108474881354	0.775518839857	0.116006278789	0.10532004782	-0.206721432907	0.101401385087	q2	q2					
N61	rolling	N61_rolling_raw_062	48415000	0.253196177288	0.0031548335339	0.982240272764	0.0146048937024	0.108474881354	0.775518839857	0.116006278789	0.10532004782	-0.206721432907	0.101401385087	q2	q2					
N61	rolling	N61_rolling_raw_063	48425000	0.253196177288	0.0031548335339	0.982240272764	0.0146048937024	0.108474881354	0.775518839857	0.116006278789	0.10532004782	-0.206721432907	0.101401385087	q2	q2					
N61	rolling	N61_rolling_raw_064	48495000	0.39226984876	0	1	0	0.197985654225	0.682972593832	0.119041751943	0.197985654225	-0.317027406168	0.119041751943	q2	q2					
N61	rolling	N61_rolling_raw_065	48565000	0.39226984876	0	1	0	0.197985654225	0.682972593832	0.119041751943	0.197985654225	-0.317027406168	0.119041751943	q2	q2					
N61	rolling	N61_rolling_raw_066	48625000	0.394892052204	0	1	0	0.198846287586	0.68077016413	0.120383548285	0.198846287586	-0.31922983587	0.120383548285	q2	q2					
N61	rolling	N61_rolling_raw_067	49895000	0.36892455441	0.197985654225	0.682972593832	0.119041751943	0.0116673643526	0.981111700149	0.00722093549857	-0.186318289872	0.298139106317	-0.111820816444	q2	q2					
N61	rolling	N61_rolling_raw_068	49985000	0.36892455441	0.197985654225	0.682972593832	0.119041751943	0.0116673643526	0.981111700149	0.00722093549857	-0.186318289872	0.298139106317	-0.111820816444	q2	q2					
N61	rolling	N61_rolling_raw_069	50005000	0.37416972853	0.198846287586	0.68077016413	0.120383548285	0.010806730992	0.983314129851	0.00587913915677	-0.188039556594	0.302543965721	-0.114504409128	q2	q2					
N61	rolling	N61_rolling_raw_070	56825000	0.81966012171	0	1	0	0.362877746339	0.331569172616	0.305553081045	0.362877746339	-0.668430827384	0.305553081045	q2	q1					
N61	rolling	N61_rolling_raw_071	56855000	0.791102644569	0.0116421201713	0.965785117066	0.0225727627623	0.38106639179	0.322198294903	0.296735313307	0.369424271618	-0.643586822163	0.274162550545	q2	q1					
N61	rolling	N61_rolling_raw_072	56975000	0.597784661271	0.0794133074135	0.819081309391	0.101505383195	0.403002842647	0.340836529701	0.256160627651	0.323589535234	-0.47824477969	0.154655244456	q2	q1					
N61	rolling	N61_rolling_raw_073	57015000	0.564044652582	0.0966239587205	0.778228304808	0.125147736472	0.413230162589	0.330281337399	0.256488500012	0.316606203868	-0.447946967409	0.13134076354	q2	q1					
N61	rolling	N61_rolling_raw_074	57125000	0.358654040596	0.209370287848	0.638376276863	0.15225343529	0.373053541189	0.346243887557	0.280702571255	0.163683253341	-0.292132389306	0.128449135965	q2	q1					
N61	rolling	N61_rolling_raw_075	57205000	0.266421476337	0.261186254702	0.536338574867	0.202475170431	0.412408744289	0.325305690336	0.262285565376	0.151222489587	-0.211032884531	0.0598103949443	q2	q1					
N61	binary_segmentation	N61_binary_segmentation_raw_001	25015000	72.288289036	0.344139168728	0.324178341414	0.331682489858	0.223011245105	0.580168400847	0.196820354048	-0.121127923623	0.255990059433	-0.13486213581	q1	q2					
N61	binary_segmentation	N61_binary_segmentation_raw_002	34505000	138.135300498	0.083421475118	0.857739283848	0.0588392410341	0.350374173926	0.326910295919	0.322715530155	0.266952698808	-0.530828987929	0.263876289121	q2	q1					
N61	binary_segmentation	N61_binary_segmentation_raw_003	44135000	241.799884408	0.290945209645	0.436597710458	0.272457079898	0.0372537538624	0.940370735672	0.0223755104657	-0.253691455782	0.503773025214	-0.250081569432	q2	q2					
N61	binary_segmentation	N61_binary_segmentation_raw_004	56855000	107.75034814	0.236927002569	0.543865475985	0.219207521446	0.358704558117	0.321432051364	0.319863390518	0.121777555548	-0.222433424621	0.100655869072	q2	q1					
N62	rolling	N62_rolling_raw_001	24095000	0.273167015024	0.290212236039	0.341747829112	0.368039934849	0.49964633134	0.303462165933	0.196891502727	0.2094340953	-0.0382856631783	-0.171148432122	q3	q1					
N62	rolling	N62_rolling_raw_002	24125000	0.316225961557	0.28585062293	0.34762879486	0.36652058221	0.536882327177	0.27442682214	0.188690850683	0.251031704248	-0.0732019727201	-0.177829731528	q3	q1					
N62	rolling	N62_rolling_raw_003	24255000	0.433898662941	0.325359029987	0.401962542735	0.272678427277	0.67278474914	0.168203433444	0.159011817417	0.347425719152	-0.233759109292	-0.11366660986	q2	q1					
N62	rolling	N62_rolling_raw_004	24285000	0.420338996947	0.361460344512	0.401022395318	0.237517260169	0.693784327339	0.160610730468	0.145604942193	0.332323982827	-0.240411664851	-0.0919123179762	q2	q1					
N62	rolling	N62_rolling_raw_005	24325000	0.450013893707	0.375854769641	0.38562681042	0.238518419939	0.734961824624	0.13870975748	0.126328417896	0.359107054983	-0.24691705294	-0.112190002043	q2	q1					
N62	rolling	N62_rolling_raw_006	24735000	0.574790553953	0.348235928978	0.395801338327	0.255962732695	0.811587640956	0.0995423288638	0.0888700301801	0.463351711978	-0.296259009463	-0.167092702515	q2	q1					
N62	rolling	N62_rolling_raw_007	24765000	0.622823218104	0.356348129479	0.401089500075	0.242562370446	0.853989766321	0.0616100832428	0.0844001504358	0.497641636842	-0.339479416832	-0.15816222001	q2	q1					
N62	rolling	N62_rolling_raw_008	25025000	0.750895222326	0.368258832064	0.384337791742	0.247403376194	0.975300099494	0.00633566915892	0.0183642313473	0.60704126743	-0.378002122583	-0.229039144846	q2	q1					
N62	rolling	N62_rolling_raw_009	25335000	0.343096483269	0.693630043285	0.160610730468	0.145759226248	0.973585054036	0.0118872327378	0.0145277132263	0.279955010751	-0.14872349773	-0.131231513022	q1	q1					
N62	rolling	N62_rolling_raw_010	32165000	0.719556621701	0.959616324196	0.0144524669	0.0259312089041	0.373654349602	0.270456580823	0.355889069575	-0.585961974593	0.256004113923	0.329957860671	q1	q1					
N62	rolling	N62_rolling_raw_011	32725000	0.802783043188	0.954452068772	0.0182932294295	0.0272547017986	0.301162642223	0.298677796962	0.400159560815	-0.653289426549	0.280384567533	0.372904859017	q1	q3					
N62	rolling	N62_rolling_raw_012	32885000	0.517831981765	0.848795559505	0.0713028691475	0.0799015713474	0.428914278326	0.238234639071	0.332851082603	-0.419881281179	0.166931769924	0.252949511255	q1	q1					
N62	rolling	N62_rolling_raw_013	33425000	0.623185697896	0.373654349602	0.270456580823	0.355889069575	0.881269709064	0.0470658726793	0.071664418257	0.507615359461	-0.223390708143	-0.284224651318	q1	q1					
N62	rolling	N62_rolling_raw_014	33515000	0.670273281777	0.318679745577	0.288346191038	0.392974063386	0.861951034268	0.0739413626431	0.0641076030885	0.543271288692	-0.214404828395	-0.328866460297	q3	q1					
N62	rolling	N62_rolling_raw_015	33565000	0.681371698406	0.301162642223	0.298677796962	0.400159560815	0.853003719014	0.0838904342462	0.0631058467396	0.551841076792	-0.214787362716	-0.337053714076	q3	q1					
N62	rolling	N62_rolling_raw_016	34515000	0.664554715381	0.881269709064	0.0470658726793	0.071664418257	0.339388975356	0.342305163268	0.318305861376	-0.541880733708	0.295239290589	0.246641443119	q1	q2					
N62	rolling	N62_rolling_raw_017	34785000	0.521227996537	0.762721048683	0.120238968214	0.117039983103	0.338401728553	0.304041122924	0.357557148523	-0.42431932013	0.183802154711	0.24051716542	q1	q3					
N62	rolling	N62_rolling_raw_018	35405000	0.361951564576	0.61764744318	0.195687716295	0.186664840525	0.323231894272	0.320667558546	0.356100547182	-0.294415548909	0.124979842252	0.169435706657	q1	q3					
N62	rolling	N62_rolling_raw_019	35445000	0.361723764369	0.591660599186	0.207135195061	0.201204205753	0.296551607307	0.344440152536	0.359008240158	-0.295108991879	0.137304957474	0.157804034404	q1	q3					
N62	rolling	N62_rolling_raw_020	35555000	0.252444298915	0.499294605442	0.270459735496	0.230245659062	0.297892123406	0.333189379238	0.368918497356	-0.201402482036	0.0627296437414	0.138672838294	q1	q3					
N62	rolling	N62_rolling_raw_021	43975000	0.64766769363	0.335556398628	0.302773759207	0.361669842166	0.863669089607	0.0623703185189	0.073960591874	0.52811269098	-0.240403440688	-0.287709250292	q3	q1					
N62	rolling	N62_rolling_raw_022	44045000	0.774405754201	0.322180073844	0.301476492371	0.376343433785	0.952734751949	0.0268529908901	0.0204122571605	0.630554678106	-0.274623501481	-0.355931176624	q3	q1					
N62	rolling	N62_rolling_raw_023	44135000	0.798487314101	0.334017506568	0.286164692244	0.379817801188	0.983875628535	0.0065601431173	0.00956422834791	0.649858121967	-0.279604549127	-0.37025357284	q3	q1					
N62	rolling	N62_rolling_raw_024	44395000	0.511943517633	0.531214663286	0.196894287692	0.271891049021	0.946887491825	0.0272043979643	0.0259081102109	0.415672828538	-0.169689889728	-0.24598293881	q1	q1					
N62	rolling	N62_rolling_raw_025	48405000	0.256635801831	0.992355209538	0.00244411529046	0.00520067517188	0.785949090968	0.136925810312	0.07712509872	-0.20640611857	0.134481695022	0.0719244235481	q1	q1					
N62	rolling	N62_rolling_raw_026	48565000	0.297263155044	0.994453612779	0.00208690562223	0.00345948159845	0.752599417744	0.140694583762	0.106705998494	-0.241854195036	0.13860767814	0.103246516896	q1	q1					
N62	rolling	N62_rolling_raw_027	56325000	0.38692231841	0.986013166606	0.00841427385199	0.00557255954242	0.6742523383	0.208547707026	0.117199954674	-0.311760828306	0.200133433174	0.111627395132	q1	q1					
N62	rolling	N62_rolling_raw_028	56825000	0.809455555749	0.987861841158	0.00544290890814	0.00669524993427	0.331271439147	0.399128715946	0.269599844907	-0.65659040201	0.393685807037	0.262904594973	q1	q2					
N62	rolling	N62_rolling_raw_029	56855000	0.766439727417	0.952488263105	0.0173341714507	0.0301775654444	0.333836598688	0.408314865532	0.25784853578	-0.618651664417	0.390980694081	0.227670970336	q1	q2					
N62	rolling	N62_rolling_raw_030	56975000	0.61842023526	0.810391145577	0.109369273571	0.0802395808517	0.308608136459	0.409068077892	0.282323785649	-0.501783009118	0.29969880432	0.202084204798	q1	q2					
N62	rolling	N62_rolling_raw_031	56995000	0.588749448341	0.785483909743	0.119677915547	0.0948381747103	0.309450352153	0.41563427923	0.274915368618	-0.47603355759	0.295956363683	0.180077193908	q1	q2					
N62	rolling	N62_rolling_raw_032	57015000	0.572942406286	0.765856561738	0.133257257951	0.100886180311	0.301378895104	0.413733766991	0.284887337905	-0.464477666634	0.280476509041	0.184001157593	q1	q2					
N62	rolling	N62_rolling_raw_033	57075000	0.460643310008	0.674422866567	0.208316937795	0.117260195638	0.298780579673	0.379835205713	0.321384214614	-0.375642286894	0.171518267918	0.204124018976	q1	q2					
N62	rolling	N62_rolling_raw_034	57105000	0.43373611344	0.649992097336	0.232747707026	0.117260195638	0.298444352156	0.371452115156	0.330103532687	-0.35154774518	0.13870440813	0.212843337049	q1	q2					
N62	rolling	N62_rolling_raw_035	57125000	0.420160966292	0.627202133165	0.251196948153	0.121600918682	0.288511999074	0.373272959783	0.338215041144	-0.338690134091	0.122076011629	0.216614122462	q1	q2					
N62	rolling	N62_rolling_raw_036	57185000	0.272378043881	0.529847252154	0.314922146639	0.155230601207	0.320767813906	0.353817058118	0.325415127976	-0.209079438248	0.0388949114788	0.170184526769	q1	q2					
N62	rolling	N62_rolling_raw_037	61995000	0.257569283841	0.25551167995	0.28384814464	0.46064017541	0.431014482429	0.296446345944	0.272539171627	0.175502802479	0.0125982013035	-0.188101003783	q3	q1					
N62	rolling	N62_rolling_raw_038	64845000	0.274893211168	0.228380960356	0.403477217174	0.368141822471	0.448649052334	0.330687709145	0.220663238521	0.220268091978	-0.0727895080285	-0.14747858395	q2	q1					
N62	rolling	N62_rolling_raw_039	64965000	0.314597277404	0.207403290555	0.462792117847	0.329804591597	0.463036163247	0.313190381994	0.223773454759	0.255632872692	-0.149601735853	-0.106031136839	q2	q1					
N62	binary_segmentation	N62_binary_segmentation_raw_001	25025000	238.83320857	0.327657374897	0.342873523497	0.329469101606	0.750430237492	0.121245672655	0.128324089853	0.422772862595	-0.221627850842	-0.201145011753	q2	q1					
N62	binary_segmentation	N62_binary_segmentation_raw_002	32725000	137.272588483	0.950785596419	0.020886811088	0.0283275924927	0.40103076756	0.29275403876	0.30621519368	-0.549754828859	0.271867227672	0.277887601187	q1	q1					
N62	binary_segmentation	N62_binary_segmentation_raw_003	44135000	78.3499617954	0.625671208403	0.181663838786	0.192664952811	0.959698060048	0.0199016804703	0.020400259482	0.334026851645	-0.161762158315	-0.17226469333	q1	q1					
N62	binary_segmentation	N62_binary_segmentation_raw_004	56825000	109.879855086	0.562270506193	0.219883595172	0.217845898635	0.333536510277	0.345780097034	0.320683392689	-0.228733995916	0.125896501862	0.102837494054	q1	q2					
