clade	segment_id	structural_set	anchor_size	start	end	strict_pattern	predicted_discrete_topology	discrete_prediction_status	G1	G2	G3	predicted_generalized_topology	generalized_margin	prediction_stable_50_100_200kb	structural_confidence	role_status
Columbea	primary_SEG_001	primary	100000	1	1949860	unresolved/missing		no_unique_discrete_prediction						true	low	C1:structurally_heterogeneous;C2:single_representative;S:structurally_heterogeneous;O:missing_role_representative
N61	primary_SEG_001	primary	100000	1	1949860	unresolved/missing		no_unique_discrete_prediction						true	low	C1:structurally_heterogeneous;C2:structurally_heterogeneous;S:single_representative;O:single_representative
N62	primary_SEG_001	primary	100000	1	1949860	unresolved/missing		no_unique_discrete_prediction						true	low	C1:single_representative;C2:single_representative;S:structurally_heterogeneous;O:structurally_heterogeneous
Columbea	primary_SEG_002	primary	100000	1949861	9504880	unresolved/missing		no_unique_discrete_prediction						true	high	C1:structurally_heterogeneous;C2:single_representative;S:structurally_heterogeneous;O:missing_role_representative
N61	primary_SEG_002	primary	100000	1949861	9504880	unresolved/missing		no_unique_discrete_prediction	0.92003968254	-0.465972222222	-0.454067460317	q1	1.37410714286	false	high	C1:resolved;C2:structurally_heterogeneous;S:single_representative;O:single_representative
N62	primary_SEG_002	primary	100000	1949861	9504880	2:1:1		no_unique_discrete_prediction	-0.0128246753247	-0.0793019480519	0.0921266233766	q3	0.104951298701	false	high	C1:single_representative;C2:single_representative;S:resolved;O:resolved
Columbea	primary_SEG_003	primary	100000	9504881	10974030	unresolved/missing		no_unique_discrete_prediction						true	low	C1:structurally_heterogeneous;C2:single_representative;S:structurally_heterogeneous;O:missing_role_representative
N61	primary_SEG_003	primary	100000	9504881	10974030	unresolved/missing		no_unique_discrete_prediction						true	low	C1:structurally_heterogeneous;C2:structurally_heterogeneous;S:single_representative;O:single_representative
N62	primary_SEG_003	primary	100000	9504881	10974030	unresolved/missing		no_unique_discrete_prediction						true	low	C1:single_representative;C2:single_representative;S:structurally_heterogeneous;O:structurally_heterogeneous
Columbea	primary_SEG_004	primary	100000	10974031	19760078	unresolved/missing		no_unique_discrete_prediction						true	high	C1:structurally_heterogeneous;C2:single_representative;S:structurally_heterogeneous;O:missing_role_representative
N61	primary_SEG_004	primary	100000	10974031	19760078	unresolved/missing		no_unique_discrete_prediction	0.716382922633	-0.363892010767	-0.352490911866	q1	1.0688738345	false	high	C1:structurally_heterogeneous;C2:structurally_heterogeneous;S:single_representative;O:single_representative
N62	primary_SEG_004	primary	100000	10974031	19760078	unresolved/missing		no_unique_discrete_prediction	-0.137234293484	-0.216717310467	0.353951603952	q3	0.491185897436	false	high	C1:single_representative;C2:single_representative;S:structurally_heterogeneous;O:resolved
Columbea	primary_SEG_005	primary	100000	19760079	25213019	unresolved/missing		no_unique_discrete_prediction						true	high	C1:structurally_heterogeneous;C2:single_representative;S:structurally_heterogeneous;O:missing_role_representative
N61	primary_SEG_005	primary	100000	19760079	25213019	unresolved/missing		no_unique_discrete_prediction	0.064880952381	-0.0431547619048	-0.0217261904762	q1	0.0866071428571	false	high	C1:resolved;C2:structurally_heterogeneous;S:single_representative;O:single_representative
N62	primary_SEG_005	primary	100000	19760079	25213019	unresolved/missing		no_unique_discrete_prediction	0.0136904761905	-0.0193452380952	0.00565476190476	q1	0.00803571428571	false	high	C1:single_representative;C2:single_representative;S:resolved;O:structurally_heterogeneous
Columbea	primary_SEG_006	primary	100000	25213020	25559087	unresolved/missing		no_unique_discrete_prediction						true	limited	C1:structurally_heterogeneous;C2:single_representative;S:structurally_heterogeneous;O:missing_role_representative
N61	primary_SEG_006	primary	100000	25213020	25559087	unresolved/missing		no_unique_discrete_prediction	0	0	0		0	false	limited	C1:structurally_heterogeneous;C2:structurally_heterogeneous;S:single_representative;O:single_representative
N62	primary_SEG_006	primary	100000	25213020	25559087	unresolved/missing		no_unique_discrete_prediction						false	limited	C1:single_representative;C2:single_representative;S:structurally_heterogeneous;O:resolved
Columbea	primary_SEG_007	primary	100000	25559088	33234049	unresolved/missing		no_unique_discrete_prediction						true	high	C1:structurally_heterogeneous;C2:single_representative;S:structurally_heterogeneous;O:missing_role_representative
N61	primary_SEG_007	primary	100000	25559088	33234049	unresolved/missing		no_unique_discrete_prediction	0.233529838217	-0.12458028083	-0.108949557387	q1	0.342479395604	true	high	C1:structurally_heterogeneous;C2:structurally_heterogeneous;S:single_representative;O:single_representative
N62	primary_SEG_007	primary	100000	25559088	33234049	unresolved/missing		no_unique_discrete_prediction	-0.233728250916	0.783828411172	-0.550100160256	q2	1.01755666209	false	high	C1:single_representative;C2:single_representative;S:structurally_heterogeneous;O:structurally_heterogeneous
Columbea	primary_SEG_008	primary	100000	33234050	34021640	unresolved/missing		no_unique_discrete_prediction						true	low	C1:structurally_heterogeneous;C2:single_representative;S:structurally_heterogeneous;O:missing_role_representative
N61	primary_SEG_008	primary	100000	33234050	34021640	unresolved/missing		no_unique_discrete_prediction	0.00610119047619	0.0650297619048	-0.071130952381	q2	0.0589285714286	false	low	C1:structurally_heterogeneous;C2:structurally_heterogeneous;S:single_representative;O:single_representative
N62	primary_SEG_008	primary	100000	33234050	34021640	unresolved/missing		no_unique_discrete_prediction	-0.0296130952381	0.0717261904762	-0.0421130952381	q2	0.101339285714	false	low	C1:single_representative;C2:single_representative;S:structurally_heterogeneous;O:structurally_heterogeneous
Columbea	primary_SEG_009	primary	100000	34021641	34232794	unresolved/missing		no_unique_discrete_prediction						true	limited	C1:structurally_heterogeneous;C2:single_representative;S:structurally_heterogeneous;O:missing_role_representative
N61	primary_SEG_009	primary	100000	34021641	34232794	unresolved/missing		no_unique_discrete_prediction	0.125	-0.0625	-0.0625	q1	0.1875	true	limited	C1:structurally_heterogeneous;C2:structurally_heterogeneous;S:single_representative;O:single_representative
N62	primary_SEG_009	primary	100000	34021641	34232794	unresolved/missing		no_unique_discrete_prediction	-0.125	-0.125	0.25	q3	0.375	true	limited	C1:single_representative;C2:single_representative;S:structurally_heterogeneous;O:resolved
Columbea	primary_SEG_010	primary	100000	34232795	35025837	unresolved/missing		no_unique_discrete_prediction						true	low	C1:structurally_heterogeneous;C2:single_representative;S:structurally_heterogeneous;O:missing_role_representative
N61	primary_SEG_010	primary	100000	34232795	35025837	unresolved/missing		no_unique_discrete_prediction						false	low	C1:structurally_heterogeneous;C2:structurally_heterogeneous;S:single_representative;O:single_representative
N62	primary_SEG_010	primary	100000	34232795	35025837	unresolved/missing		no_unique_discrete_prediction						false	low	C1:single_representative;C2:single_representative;S:structurally_heterogeneous;O:structurally_heterogeneous
Columbea	primary_SEG_011	primary	100000	35025838	37255236	unresolved/missing		no_unique_discrete_prediction						true	high	C1:structurally_heterogeneous;C2:single_representative;S:structurally_heterogeneous;O:missing_role_representative
N61	primary_SEG_011	primary	100000	35025838	37255236	unresolved/missing		no_unique_discrete_prediction						false	high	C1:structurally_heterogeneous;C2:structurally_heterogeneous;S:single_representative;O:single_representative
N62	primary_SEG_011	primary	100000	35025838	37255236	unresolved/missing		no_unique_discrete_prediction						false	high	C1:single_representative;C2:single_representative;S:structurally_heterogeneous;O:resolved
Columbea	primary_SEG_012	primary	100000	37255237	39237022	unresolved/missing		no_unique_discrete_prediction						true	low	C1:structurally_heterogeneous;C2:single_representative;S:structurally_heterogeneous;O:missing_role_representative
N61	primary_SEG_012	primary	100000	37255237	39237022	unresolved/missing		no_unique_discrete_prediction						false	low	C1:structurally_heterogeneous;C2:structurally_heterogeneous;S:single_representative;O:single_representative
N62	primary_SEG_012	primary	100000	37255237	39237022	unresolved/missing		no_unique_discrete_prediction						false	low	C1:single_representative;C2:single_representative;S:structurally_heterogeneous;O:structurally_heterogeneous
Columbea	primary_SEG_013	primary	100000	39237023	42267292	unresolved/missing		no_unique_discrete_prediction						true	low	C1:structurally_heterogeneous;C2:single_representative;S:structurally_heterogeneous;O:missing_role_representative
N61	primary_SEG_013	primary	100000	39237023	42267292	unresolved/missing		no_unique_discrete_prediction	-0.122916666667	0.239583333333	-0.116666666667	q2	0.35625	false	low	C1:structurally_heterogeneous;C2:structurally_heterogeneous;S:single_representative;O:single_representative
N62	primary_SEG_013	primary	100000	39237023	42267292	unresolved/missing		no_unique_discrete_prediction	-0.00416666666667	-0.00416666666667	0.00833333333333	q3	0.0125	false	low	C1:single_representative;C2:single_representative;S:structurally_heterogeneous;O:resolved
Columbea	primary_SEG_014	primary	100000	42267293	44647530	unresolved/missing		no_unique_discrete_prediction						true	low	C1:structurally_heterogeneous;C2:single_representative;S:structurally_heterogeneous;O:missing_role_representative
N61	primary_SEG_014	primary	100000	42267293	44647530	unresolved/missing		no_unique_discrete_prediction						false	low	C1:structurally_heterogeneous;C2:structurally_heterogeneous;S:single_representative;O:single_representative
N62	primary_SEG_014	primary	100000	42267293	44647530	unresolved/missing		no_unique_discrete_prediction						false	low	C1:single_representative;C2:single_representative;S:structurally_heterogeneous;O:structurally_heterogeneous
Columbea	primary_SEG_015	primary	100000	44647531	45658664	unresolved/missing		no_unique_discrete_prediction						true	low	C1:structurally_heterogeneous;C2:single_representative;S:structurally_heterogeneous;O:missing_role_representative
N61	primary_SEG_015	primary	100000	44647531	45658664	unresolved/missing		no_unique_discrete_prediction						true	low	C1:structurally_heterogeneous;C2:structurally_heterogeneous;S:single_representative;O:single_representative
N62	primary_SEG_015	primary	100000	44647531	45658664	unresolved/missing		no_unique_discrete_prediction						true	low	C1:single_representative;C2:single_representative;S:structurally_heterogeneous;O:structurally_heterogeneous
Columbea	primary_SEG_016	primary	100000	45658665	46422770	unresolved/missing		no_unique_discrete_prediction						true	low	C1:structurally_heterogeneous;C2:single_representative;S:structurally_heterogeneous;O:missing_role_representative
N61	primary_SEG_016	primary	100000	45658665	46422770	unresolved/missing		no_unique_discrete_prediction						true	low	C1:structurally_heterogeneous;C2:structurally_heterogeneous;S:single_representative;O:single_representative
N62	primary_SEG_016	primary	100000	45658665	46422770	unresolved/missing		no_unique_discrete_prediction						true	low	C1:single_representative;C2:single_representative;S:structurally_heterogeneous;O:structurally_heterogeneous
Columbea	primary_SEG_017	primary	100000	46422771	47143089	unresolved/missing		no_unique_discrete_prediction						true	low	C1:structurally_heterogeneous;C2:single_representative;S:structurally_heterogeneous;O:missing_role_representative
N61	primary_SEG_017	primary	100000	46422771	47143089	unresolved/missing		no_unique_discrete_prediction						true	low	C1:structurally_heterogeneous;C2:structurally_heterogeneous;S:single_representative;O:single_representative
N62	primary_SEG_017	primary	100000	46422771	47143089	unresolved/missing		no_unique_discrete_prediction						true	low	C1:single_representative;C2:single_representative;S:structurally_heterogeneous;O:structurally_heterogeneous
Columbea	primary_SEG_018	primary	100000	47143090	49159743	unresolved/missing		no_unique_discrete_prediction						true	low	C1:structurally_heterogeneous;C2:single_representative;S:structurally_heterogeneous;O:missing_role_representative
N61	primary_SEG_018	primary	100000	47143090	49159743	unresolved/missing		no_unique_discrete_prediction						false	low	C1:structurally_heterogeneous;C2:structurally_heterogeneous;S:single_representative;O:single_representative
N62	primary_SEG_018	primary	100000	47143090	49159743	unresolved/missing		no_unique_discrete_prediction						true	low	C1:single_representative;C2:single_representative;S:structurally_heterogeneous;O:structurally_heterogeneous
Columbea	primary_SEG_019	primary	100000	49159744	49624080	unresolved/missing		no_unique_discrete_prediction						true	low	C1:structurally_heterogeneous;C2:single_representative;S:resolved;O:missing_role_representative
N61	primary_SEG_019	primary	100000	49159744	49624080	unresolved/missing		no_unique_discrete_prediction	0.0416666666667	-0.0208333333333	-0.0208333333333	q1	0.0625	false	low	C1:resolved;C2:structurally_heterogeneous;S:single_representative;O:single_representative
N62	primary_SEG_019	primary	100000	49159744	49624080	3:1		no_unique_discrete_prediction	0	0	0		0	true	low	C1:single_representative;C2:single_representative;S:resolved;O:resolved
Columbea	primary_SEG_020	primary	100000	49624081	50410378	unresolved/missing		no_unique_discrete_prediction						true	low	C1:structurally_heterogeneous;C2:single_representative;S:structurally_heterogeneous;O:missing_role_representative
N61	primary_SEG_020	primary	100000	49624081	50410378	unresolved/missing		no_unique_discrete_prediction						true	low	C1:structurally_heterogeneous;C2:structurally_heterogeneous;S:single_representative;O:single_representative
N62	primary_SEG_020	primary	100000	49624081	50410378	unresolved/missing		no_unique_discrete_prediction						true	low	C1:single_representative;C2:single_representative;S:structurally_heterogeneous;O:structurally_heterogeneous
Columbea	primary_SEG_021	primary	100000	50410379	50989362	unresolved/missing		no_unique_discrete_prediction						true	low	C1:structurally_heterogeneous;C2:single_representative;S:structurally_heterogeneous;O:missing_role_representative
N61	primary_SEG_021	primary	100000	50410379	50989362	unresolved/missing		no_unique_discrete_prediction						true	low	C1:structurally_heterogeneous;C2:structurally_heterogeneous;S:single_representative;O:single_representative
N62	primary_SEG_021	primary	100000	50410379	50989362	unresolved/missing		no_unique_discrete_prediction						true	low	C1:single_representative;C2:single_representative;S:structurally_heterogeneous;O:structurally_heterogeneous
Columbea	primary_SEG_022	primary	100000	50989363	51789124	unresolved/missing		no_unique_discrete_prediction						true	low	C1:structurally_heterogeneous;C2:single_representative;S:structurally_heterogeneous;O:missing_role_representative
N61	primary_SEG_022	primary	100000	50989363	51789124	unresolved/missing		no_unique_discrete_prediction						false	low	C1:structurally_heterogeneous;C2:structurally_heterogeneous;S:single_representative;O:single_representative
N62	primary_SEG_022	primary	100000	50989363	51789124	unresolved/missing		no_unique_discrete_prediction						false	low	C1:single_representative;C2:single_representative;S:structurally_heterogeneous;O:structurally_heterogeneous
Columbea	primary_SEG_023	primary	100000	51789125	57203613	unresolved/missing		no_unique_discrete_prediction						true	high	C1:structurally_heterogeneous;C2:single_representative;S:structurally_heterogeneous;O:missing_role_representative
N61	primary_SEG_023	primary	100000	51789125	57203613	unresolved/missing		no_unique_discrete_prediction	0.138624338624	-0.0550264550265	-0.0835978835979	q1	0.193650793651	false	high	C1:structurally_heterogeneous;C2:structurally_heterogeneous;S:single_representative;O:single_representative
N62	primary_SEG_023	primary	100000	51789125	57203613	unresolved/missing		no_unique_discrete_prediction	-0.0906746031746	0.197420634921	-0.106746031746	q2	0.288095238095	false	high	C1:single_representative;C2:single_representative;S:structurally_heterogeneous;O:resolved
Columbea	primary_SEG_024	primary	100000	57203614	58171516	unresolved/missing		no_unique_discrete_prediction						true	low	C1:structurally_heterogeneous;C2:single_representative;S:structurally_heterogeneous;O:missing_role_representative
N61	primary_SEG_024	primary	100000	57203614	58171516	unresolved/missing		no_unique_discrete_prediction						false	low	C1:structurally_heterogeneous;C2:structurally_heterogeneous;S:single_representative;O:single_representative
N62	primary_SEG_024	primary	100000	57203614	58171516	unresolved/missing		no_unique_discrete_prediction						false	low	C1:single_representative;C2:single_representative;S:structurally_heterogeneous;O:structurally_heterogeneous
Columbea	primary_SEG_025	primary	100000	58171517	59982754	unresolved/missing		no_unique_discrete_prediction						true	low	C1:structurally_heterogeneous;C2:single_representative;S:structurally_heterogeneous;O:missing_role_representative
N61	primary_SEG_025	primary	100000	58171517	59982754	unresolved/missing		no_unique_discrete_prediction						false	low	C1:structurally_heterogeneous;C2:structurally_heterogeneous;S:single_representative;O:single_representative
N62	primary_SEG_025	primary	100000	58171517	59982754	unresolved/missing		no_unique_discrete_prediction						false	low	C1:single_representative;C2:single_representative;S:structurally_heterogeneous;O:structurally_heterogeneous
Columbea	primary_SEG_026	primary	100000	59982755	61035423	unresolved/missing		no_unique_discrete_prediction						true	low	C1:structurally_heterogeneous;C2:single_representative;S:structurally_heterogeneous;O:missing_role_representative
N61	primary_SEG_026	primary	100000	59982755	61035423	unresolved/missing		no_unique_discrete_prediction						true	low	C1:structurally_heterogeneous;C2:structurally_heterogeneous;S:single_representative;O:single_representative
N62	primary_SEG_026	primary	100000	59982755	61035423	unresolved/missing		no_unique_discrete_prediction						true	low	C1:single_representative;C2:single_representative;S:structurally_heterogeneous;O:structurally_heterogeneous
Columbea	primary_SEG_027	primary	100000	61035424	91310470	unresolved/missing		no_unique_discrete_prediction						true	high	C1:structurally_heterogeneous;C2:single_representative;S:structurally_heterogeneous;O:missing_role_representative
N61	primary_SEG_027	primary	100000	61035424	91310470	unresolved/missing		no_unique_discrete_prediction	0.00475344697181	-0.000916820963025	-0.00383662600879	q1	0.00567026793484	false	high	C1:structurally_heterogeneous;C2:structurally_heterogeneous;S:single_representative;O:single_representative
N62	primary_SEG_027	primary	100000	61035424	91310470	unresolved/missing		no_unique_discrete_prediction	-0.00029120451515	0.00214818527239	-0.00185698075724	q2	0.00243938978754	false	high	C1:single_representative;C2:single_representative;S:structurally_heterogeneous;O:structurally_heterogeneous
